area,zone,duration,depth
1.0,COAST_S,24.0,1380.0
1.0,COAST_S,36.0,1697.0
1.0,COAST_S,48.0,1991.0
1.0,COAST_S,72.0,2512.0
1.0,COAST_S,96.0,2810.0
1.0,COAST_S,120.0,2960.0
1.0,SWWA_W,24.0,606.0
1.0,SWWA_W,36.0,766.0
1.0,SWWA_W,48.0,813.0
1.0,SWWA_W,72.0,844.0
1.0,SWWA_W,96.0,874.0
1.0,INLAND_S,24.0,1010.0
1.0,INLAND_S,36.0,1188.0
1.0,INLAND_S,48.0,1353.0
1.0,INLAND_S,72.0,1645.0
1.0,INLAND_S,96.0,1860.0
1.0,COAST_W,24.0,845.0
1.0,COAST_W,36.0,1012.0
1.0,COAST_W,48.0,1116.0
1.0,COAST_W,72.0,1244.0
1.0,COAST_W,96.0,1287.0
1.0,COAST_W,120.0,1329.0
1.5,COAST_S,24.0,1377.359
1.5,COAST_S,36.0,1692.774
1.5,COAST_S,48.0,1985.365
1.5,COAST_S,72.0,2503.724
1.5,COAST_S,96.0,2801.195
1.5,COAST_S,120.0,2949.435
1.5,SWWA_W,24.0,603.887
1.5,SWWA_W,36.0,763.887
1.5,SWWA_W,48.0,809.654
1.5,SWWA_W,72.0,841.183
1.5,SWWA_W,96.0,871.359
1.5,INLAND_S,24.0,1005.95
1.5,INLAND_S,36.0,1181.485
1.5,INLAND_S,48.0,1344.195
1.5,INLAND_S,72.0,1632.321
1.5,INLAND_S,96.0,1844.152
1.5,COAST_W,24.0,843.591
1.5,COAST_W,36.0,1010.767
1.5,COAST_W,48.0,1113.887
1.5,COAST_W,72.0,1242.591
1.5,COAST_W,96.0,1285.239
1.5,COAST_W,120.0,1327.063
2.0,COAST_S,24.0,1375.485
2.0,COAST_S,36.0,1689.775
2.0,COAST_S,48.0,1981.367
2.0,COAST_S,72.0,2497.852
2.0,COAST_S,96.0,2794.949
2.0,COAST_S,120.0,2941.938
2.0,SWWA_W,24.0,602.388
2.0,SWWA_W,36.0,762.388
2.0,SWWA_W,48.0,807.28
2.0,SWWA_W,72.0,839.184
2.0,SWWA_W,96.0,869.485
2.0,INLAND_S,24.0,1003.076
2.0,INLAND_S,36.0,1176.862
2.0,INLAND_S,48.0,1337.949
2.0,INLAND_S,72.0,1623.326
2.0,INLAND_S,96.0,1832.907
2.0,COAST_W,24.0,842.592
2.0,COAST_W,36.0,1009.893
2.0,COAST_W,48.0,1112.388
2.0,COAST_W,72.0,1241.592
2.0,COAST_W,96.0,1283.99
2.0,COAST_W,120.0,1325.689
2.5,COAST_S,24.0,1374.031
2.5,COAST_S,36.0,1687.449
2.5,COAST_S,48.0,1978.266
2.5,COAST_S,72.0,2493.297
2.5,COAST_S,96.0,2790.103
2.5,COAST_S,120.0,2936.124
2.5,SWWA_W,24.0,601.225
2.5,SWWA_W,36.0,761.225
2.5,SWWA_W,48.0,805.439
2.5,SWWA_W,72.0,837.633
2.5,SWWA_W,96.0,868.031
2.5,INLAND_S,24.0,1000.847
2.5,INLAND_S,36.0,1173.276
2.5,INLAND_S,48.0,1333.103
2.5,INLAND_S,72.0,1616.348
2.5,INLAND_S,96.0,1824.185
2.5,COAST_W,24.0,841.816
2.5,COAST_W,36.0,1009.214
2.5,COAST_W,48.0,1111.225
2.5,COAST_W,72.0,1240.816
2.5,COAST_W,96.0,1283.021
2.5,COAST_W,120.0,1324.623
3.0,COAST_S,24.0,1372.843
3.0,COAST_S,36.0,1685.549
3.0,COAST_S,48.0,1975.732
3.0,COAST_S,72.0,2489.575
3.0,COAST_S,96.0,2786.144
3.0,COAST_S,120.0,2931.373
3.0,SWWA_W,24.0,600.275
3.0,SWWA_W,36.0,760.275
3.0,SWWA_W,48.0,803.935
3.0,SWWA_W,72.0,836.366
3.0,SWWA_W,96.0,866.843
3.0,INLAND_S,24.0,999.026
3.0,INLAND_S,36.0,1170.347
3.0,INLAND_S,48.0,1329.144
3.0,INLAND_S,72.0,1610.647
3.0,INLAND_S,96.0,1817.059
3.0,COAST_W,24.0,841.183
3.0,COAST_W,36.0,1008.66
3.0,COAST_W,48.0,1110.275
3.0,COAST_W,72.0,1240.183
3.0,COAST_W,96.0,1282.229
3.0,COAST_W,120.0,1323.752
3.5,COAST_S,24.0,1371.839
3.5,COAST_S,36.0,1683.942
3.5,COAST_S,48.0,1973.59
3.5,COAST_S,72.0,2486.429
3.5,COAST_S,96.0,2782.797
3.5,COAST_S,120.0,2927.356
3.5,SWWA_W,24.0,599.471
3.5,SWWA_W,36.0,759.471
3.5,SWWA_W,48.0,802.663
3.5,SWWA_W,72.0,835.295
3.5,SWWA_W,96.0,865.839
3.5,INLAND_S,24.0,997.486
3.5,INLAND_S,36.0,1167.869
3.5,INLAND_S,48.0,1325.797
3.5,INLAND_S,72.0,1605.827
3.5,INLAND_S,96.0,1811.034
3.5,COAST_W,24.0,840.647
3.5,COAST_W,36.0,1008.192
3.5,COAST_W,48.0,1109.471
3.5,COAST_W,72.0,1239.647
3.5,COAST_W,96.0,1281.559
3.5,COAST_W,120.0,1323.015
4.0,COAST_S,24.0,1370.969
4.0,COAST_S,36.0,1682.551
4.0,COAST_S,48.0,1971.734
4.0,COAST_S,72.0,2483.703
4.0,COAST_S,96.0,2779.897
4.0,COAST_S,120.0,2923.876
4.0,SWWA_W,24.0,598.775
4.0,SWWA_W,36.0,758.775
4.0,SWWA_W,48.0,801.561
4.0,SWWA_W,72.0,834.367
4.0,SWWA_W,96.0,864.969
4.0,INLAND_S,24.0,996.153
4.0,INLAND_S,36.0,1165.724
4.0,INLAND_S,48.0,1322.897
4.0,INLAND_S,72.0,1601.652
4.0,INLAND_S,96.0,1805.815
4.0,COAST_W,24.0,840.184
4.0,COAST_W,36.0,1007.786
4.0,COAST_W,48.0,1108.775
4.0,COAST_W,72.0,1239.184
4.0,COAST_W,96.0,1280.979
4.0,COAST_W,120.0,1322.377
4.5,COAST_S,24.0,1370.202
4.5,COAST_S,36.0,1681.323
4.5,COAST_S,48.0,1970.097
4.5,COAST_S,72.0,2481.299
4.5,COAST_S,96.0,2777.339
4.5,COAST_S,120.0,2920.807
4.5,SWWA_W,24.0,598.161
4.5,SWWA_W,36.0,758.161
4.5,SWWA_W,48.0,800.589
4.5,SWWA_W,72.0,833.549
4.5,SWWA_W,96.0,864.202
4.5,INLAND_S,24.0,994.976
4.5,INLAND_S,36.0,1163.831
4.5,INLAND_S,48.0,1320.339
4.5,INLAND_S,72.0,1597.969
4.5,INLAND_S,96.0,1801.211
4.5,COAST_W,24.0,839.774
4.5,COAST_W,36.0,1007.428
4.5,COAST_W,48.0,1108.161
4.5,COAST_W,72.0,1238.774
4.5,COAST_W,96.0,1280.468
4.5,COAST_W,120.0,1321.815
5.0,COAST_S,24.0,1369.515
5.0,COAST_S,36.0,1680.225
5.0,COAST_S,48.0,1968.633
5.0,COAST_S,72.0,2479.148
5.0,COAST_S,96.0,2775.052
5.0,COAST_S,120.0,2918.062
5.0,SWWA_W,24.0,597.612
5.0,SWWA_W,36.0,757.612
5.0,SWWA_W,48.0,799.72
5.0,SWWA_W,72.0,832.816
5.0,SWWA_W,96.0,863.515
5.0,INLAND_S,24.0,993.924
5.0,INLAND_S,36.0,1162.138
5.0,INLAND_S,48.0,1318.051
5.0,INLAND_S,72.0,1594.674
5.0,INLAND_S,96.0,1797.093
5.0,COAST_W,24.0,839.408
5.0,COAST_W,36.0,1007.107
5.0,COAST_W,48.0,1107.612
5.0,COAST_W,72.0,1238.408
5.0,COAST_W,96.0,1280.01
5.0,COAST_W,120.0,1321.311
5.5,COAST_S,24.0,1368.895
5.5,COAST_S,36.0,1679.231
5.5,COAST_S,48.0,1967.308
5.5,COAST_S,72.0,2477.203
5.5,COAST_S,96.0,2772.982
5.5,COAST_S,120.0,2915.578
5.5,SWWA_W,24.0,597.116
5.5,SWWA_W,36.0,757.116
5.5,SWWA_W,48.0,798.933
5.5,SWWA_W,72.0,832.154
5.5,SWWA_W,96.0,862.895
5.5,INLAND_S,24.0,992.972
5.5,INLAND_S,36.0,1160.607
5.5,INLAND_S,48.0,1315.982
5.5,INLAND_S,72.0,1591.694
5.5,INLAND_S,96.0,1793.367
5.5,COAST_W,24.0,839.077
5.5,COAST_W,36.0,1006.817
5.5,COAST_W,48.0,1107.116
5.5,COAST_W,72.0,1238.077
5.5,COAST_W,96.0,1279.596
5.5,COAST_W,120.0,1320.856
6.0,COAST_S,24.0,1368.328
6.0,COAST_S,36.0,1678.324
6.0,COAST_S,48.0,1966.099
6.0,COAST_S,72.0,2475.427
6.0,COAST_S,96.0,2771.092
6.0,COAST_S,120.0,2913.311
6.0,SWWA_W,24.0,596.662
6.0,SWWA_W,36.0,756.662
6.0,SWWA_W,48.0,798.215
6.0,SWWA_W,72.0,831.55
6.0,SWWA_W,96.0,862.328
6.0,INLAND_S,24.0,992.103
6.0,INLAND_S,36.0,1159.208
6.0,INLAND_S,48.0,1314.092
6.0,INLAND_S,72.0,1588.973
6.0,INLAND_S,96.0,1789.966
6.0,COAST_W,24.0,838.775
6.0,COAST_W,36.0,1006.553
6.0,COAST_W,48.0,1106.662
6.0,COAST_W,72.0,1237.775
6.0,COAST_W,96.0,1279.218
6.0,COAST_W,120.0,1320.44
6.5,COAST_S,24.0,1367.806
6.5,COAST_S,36.0,1677.49
6.5,COAST_S,48.0,1964.987
6.5,COAST_S,72.0,2473.793
6.5,COAST_S,96.0,2769.354
6.5,COAST_S,120.0,2911.225
6.5,SWWA_W,24.0,596.245
6.5,SWWA_W,36.0,756.245
6.5,SWWA_W,48.0,797.555
6.5,SWWA_W,72.0,830.993
6.5,SWWA_W,96.0,861.806
6.5,INLAND_S,24.0,991.303
6.5,INLAND_S,36.0,1157.922
6.5,INLAND_S,48.0,1312.354
6.5,INLAND_S,72.0,1586.47
6.5,INLAND_S,96.0,1786.838
6.5,COAST_W,24.0,838.497
6.5,COAST_W,36.0,1006.31
6.5,COAST_W,48.0,1106.245
6.5,COAST_W,72.0,1237.497
6.5,COAST_W,96.0,1278.871
6.5,COAST_W,120.0,1320.058
7.0,COAST_S,24.0,1367.324
7.0,COAST_S,36.0,1676.718
7.0,COAST_S,48.0,1963.957
7.0,COAST_S,72.0,2472.28
7.0,COAST_S,96.0,2767.745
7.0,COAST_S,120.0,2909.294
7.0,SWWA_W,24.0,595.859
7.0,SWWA_W,36.0,755.859
7.0,SWWA_W,48.0,796.943
7.0,SWWA_W,72.0,830.478
7.0,SWWA_W,96.0,861.324
7.0,INLAND_S,24.0,990.563
7.0,INLAND_S,36.0,1156.731
7.0,INLAND_S,48.0,1310.745
7.0,INLAND_S,72.0,1584.153
7.0,INLAND_S,96.0,1783.941
7.0,COAST_W,24.0,838.239
7.0,COAST_W,36.0,1006.084
7.0,COAST_W,48.0,1105.859
7.0,COAST_W,72.0,1237.239
7.0,COAST_W,96.0,1278.549
7.0,COAST_W,120.0,1319.704
7.5,COAST_S,24.0,1366.874
7.5,COAST_S,36.0,1675.999
7.5,COAST_S,48.0,1962.998
7.5,COAST_S,72.0,2470.872
7.5,COAST_S,96.0,2766.247
7.5,COAST_S,120.0,2907.496
7.5,SWWA_W,24.0,595.499
7.5,SWWA_W,36.0,755.499
7.5,SWWA_W,48.0,796.374
7.5,SWWA_W,72.0,829.999
7.5,SWWA_W,96.0,860.874
7.5,INLAND_S,24.0,989.874
7.5,INLAND_S,36.0,1155.623
7.5,INLAND_S,48.0,1309.247
7.5,INLAND_S,72.0,1581.996
7.5,INLAND_S,96.0,1781.244
7.5,COAST_W,24.0,838.0
7.5,COAST_W,36.0,1005.875
7.5,COAST_W,48.0,1105.499
7.5,COAST_W,72.0,1237.0
7.5,COAST_W,96.0,1278.249
7.5,COAST_W,120.0,1319.374
8.0,COAST_S,24.0,1366.454
8.0,COAST_S,36.0,1675.326
8.0,COAST_S,48.0,1962.101
8.0,COAST_S,72.0,2469.555
8.0,COAST_S,96.0,2764.846
8.0,COAST_S,120.0,2905.815
8.0,SWWA_W,24.0,595.163
8.0,SWWA_W,36.0,755.163
8.0,SWWA_W,48.0,795.841
8.0,SWWA_W,72.0,829.551
8.0,SWWA_W,96.0,860.454
8.0,INLAND_S,24.0,989.229
8.0,INLAND_S,36.0,1154.586
8.0,INLAND_S,48.0,1307.846
8.0,INLAND_S,72.0,1579.978
8.0,INLAND_S,96.0,1778.722
8.0,COAST_W,24.0,837.775
8.0,COAST_W,36.0,1005.678
8.0,COAST_W,48.0,1105.163
8.0,COAST_W,72.0,1236.775
8.0,COAST_W,96.0,1277.969
8.0,COAST_W,120.0,1319.066
8.5,COAST_S,24.0,1366.059
8.5,COAST_S,36.0,1674.694
8.5,COAST_S,48.0,1961.259
8.5,COAST_S,72.0,2468.317
8.5,COAST_S,96.0,2763.529
8.5,COAST_S,120.0,2904.235
8.5,SWWA_W,24.0,594.847
8.5,SWWA_W,36.0,754.847
8.5,SWWA_W,48.0,795.341
8.5,SWWA_W,72.0,829.129
8.5,SWWA_W,96.0,860.059
8.5,INLAND_S,24.0,988.623
8.5,INLAND_S,36.0,1153.611
8.5,INLAND_S,48.0,1306.529
8.5,INLAND_S,72.0,1578.082
8.5,INLAND_S,96.0,1776.352
8.5,COAST_W,24.0,837.565
8.5,COAST_W,36.0,1005.494
8.5,COAST_W,48.0,1104.847
8.5,COAST_W,72.0,1236.565
8.5,COAST_W,96.0,1277.706
8.5,COAST_W,120.0,1318.776
9.0,COAST_S,24.0,1365.686
9.0,COAST_S,36.0,1674.098
9.0,COAST_S,48.0,1960.464
9.0,COAST_S,72.0,2467.151
9.0,COAST_S,96.0,2762.288
9.0,COAST_S,120.0,2902.745
9.0,SWWA_W,24.0,594.549
9.0,SWWA_W,36.0,754.549
9.0,SWWA_W,48.0,794.869
9.0,SWWA_W,72.0,828.732
9.0,SWWA_W,96.0,859.686
9.0,INLAND_S,24.0,988.052
9.0,INLAND_S,36.0,1152.693
9.0,INLAND_S,48.0,1305.288
9.0,INLAND_S,72.0,1576.295
9.0,INLAND_S,96.0,1774.118
9.0,COAST_W,24.0,837.366
9.0,COAST_W,36.0,1005.32
9.0,COAST_W,48.0,1104.549
9.0,COAST_W,72.0,1236.366
9.0,COAST_W,96.0,1277.458
9.0,COAST_W,120.0,1318.503
9.5,COAST_S,24.0,1365.334
9.5,COAST_S,36.0,1673.535
9.5,COAST_S,48.0,1959.713
9.5,COAST_S,72.0,2466.047
9.5,COAST_S,96.0,2761.114
9.5,COAST_S,120.0,2901.337
9.5,SWWA_W,24.0,594.267
9.5,SWWA_W,36.0,754.267
9.5,SWWA_W,48.0,794.423
9.5,SWWA_W,72.0,828.356
9.5,SWWA_W,96.0,859.334
9.5,INLAND_S,24.0,987.512
9.5,INLAND_S,36.0,1151.824
9.5,INLAND_S,48.0,1304.114
9.5,INLAND_S,72.0,1574.604
9.5,INLAND_S,96.0,1772.005
9.5,COAST_W,24.0,837.178
9.5,COAST_W,36.0,1005.156
9.5,COAST_W,48.0,1104.267
9.5,COAST_W,72.0,1236.178
9.5,COAST_W,96.0,1277.223
9.5,COAST_W,120.0,1318.245
10.0,COAST_S,24.0,1365.0
10.0,COAST_S,36.0,1673.0
10.0,COAST_S,48.0,1959.0
10.0,COAST_S,72.0,2465.0
10.0,COAST_S,96.0,2760.0
10.0,COAST_S,120.0,2900.0
10.0,SWWA_W,24.0,594.0
10.0,SWWA_W,36.0,754.0
10.0,SWWA_W,48.0,794.0
10.0,SWWA_W,72.0,828.0
10.0,SWWA_W,96.0,859.0
10.0,INLAND_S,24.0,987.0
10.0,INLAND_S,36.0,1151.0
10.0,INLAND_S,48.0,1303.0
10.0,INLAND_S,72.0,1573.0
10.0,INLAND_S,96.0,1770.0
10.0,COAST_W,24.0,837.0
10.0,COAST_W,36.0,1005.0
10.0,COAST_W,48.0,1104.0
10.0,COAST_W,72.0,1236.0
10.0,COAST_W,96.0,1277.0
10.0,COAST_W,120.0,1318.0
15.0,COAST_S,24.0,1360.108
15.0,COAST_S,36.0,1668.161
15.0,COAST_S,48.0,1951.963
15.0,COAST_S,72.0,2453.873
15.0,COAST_S,96.0,2752.384
15.0,COAST_S,120.0,2888.82
15.0,SWWA_W,24.0,591.607
15.0,SWWA_W,36.0,751.598
15.0,SWWA_W,48.0,791.04
15.0,SWWA_W,72.0,824.221
15.0,SWWA_W,96.0,855.156
15.0,INLAND_S,24.0,982.391
15.0,INLAND_S,36.0,1144.693
15.0,INLAND_S,48.0,1293.28
15.0,INLAND_S,72.0,1560.237
15.0,INLAND_S,96.0,1754.96
15.0,COAST_W,24.0,835.185
15.0,COAST_W,36.0,1002.726
15.0,COAST_W,48.0,1102.679
15.0,COAST_W,72.0,1234.532
15.0,COAST_W,96.0,1275.547
15.0,COAST_W,120.0,1316.993
20.0,COAST_S,24.0,1355.323
20.0,COAST_S,36.0,1664.792
20.0,COAST_S,48.0,1946.984
20.0,COAST_S,72.0,2447.531
20.0,COAST_S,96.0,2748.118
20.0,COAST_S,120.0,2879.714
20.0,SWWA_W,24.0,589.551
20.0,SWWA_W,36.0,749.503
20.0,SWWA_W,48.0,788.093
20.0,SWWA_W,72.0,821.018
20.0,SWWA_W,96.0,852.285
20.0,INLAND_S,24.0,979.026
20.0,INLAND_S,36.0,1139.499
20.0,INLAND_S,48.0,1286.755
20.0,INLAND_S,72.0,1550.268
20.0,INLAND_S,96.0,1743.891
20.0,COAST_W,24.0,833.618
20.0,COAST_W,36.0,1002.622
20.0,COAST_W,48.0,1101.239
20.0,COAST_W,72.0,1233.903
20.0,COAST_W,96.0,1275.086
20.0,COAST_W,120.0,1316.053
25.0,COAST_S,24.0,1350.631
25.0,COAST_S,36.0,1661.556
25.0,COAST_S,48.0,1942.586
25.0,COAST_S,72.0,2442.309
25.0,COAST_S,96.0,2741.965
25.0,COAST_S,120.0,2871.526
25.0,SWWA_W,24.0,588.348
25.0,SWWA_W,36.0,747.332
25.0,SWWA_W,48.0,785.967
25.0,SWWA_W,72.0,818.734
25.0,SWWA_W,96.0,849.957
25.0,INLAND_S,24.0,976.328
25.0,INLAND_S,36.0,1135.429
25.0,INLAND_S,48.0,1281.593
25.0,INLAND_S,72.0,1541.894
25.0,INLAND_S,96.0,1735.943
25.0,COAST_W,24.0,832.009
25.0,COAST_W,36.0,1001.613
25.0,COAST_W,48.0,1099.937
25.0,COAST_W,72.0,1232.616
25.0,COAST_W,96.0,1273.475
25.0,COAST_W,120.0,1313.985
30.0,COAST_S,24.0,1352.025
30.0,COAST_S,36.0,1658.394
30.0,COAST_S,48.0,1938.53
30.0,COAST_S,72.0,2437.631
30.0,COAST_S,96.0,2736.649
30.0,COAST_S,120.0,2864.718
30.0,SWWA_W,24.0,587.632
30.0,SWWA_W,36.0,745.739
30.0,SWWA_W,48.0,784.395
30.0,SWWA_W,72.0,817.044
30.0,SWWA_W,96.0,848.187
30.0,INLAND_S,24.0,974.054
30.0,INLAND_S,36.0,1131.878
30.0,INLAND_S,48.0,1276.965
30.0,INLAND_S,72.0,1534.7
30.0,INLAND_S,96.0,1729.428
30.0,COAST_W,24.0,831.282
30.0,COAST_W,36.0,1000.637
30.0,COAST_W,48.0,1098.725
30.0,COAST_W,72.0,1232.112
30.0,COAST_W,96.0,1271.676
30.0,COAST_W,120.0,1312.78
35.0,COAST_S,24.0,1349.524
35.0,COAST_S,36.0,1655.308
35.0,COAST_S,48.0,1934.711
35.0,COAST_S,72.0,2433.247
35.0,COAST_S,96.0,2731.16
35.0,COAST_S,120.0,2858.12
35.0,SWWA_W,24.0,586.854
35.0,SWWA_W,36.0,744.216
35.0,SWWA_W,48.0,782.869
35.0,SWWA_W,72.0,815.148
35.0,SWWA_W,96.0,846.296
35.0,INLAND_S,24.0,972.07
35.0,INLAND_S,36.0,1128.691
35.0,INLAND_S,48.0,1272.72
35.0,INLAND_S,72.0,1529.001
35.0,INLAND_S,96.0,1722.536
35.0,COAST_W,24.0,830.437
35.0,COAST_W,36.0,999.667
35.0,COAST_W,48.0,1097.58
35.0,COAST_W,72.0,1231.42
35.0,COAST_W,96.0,1270.72
35.0,COAST_W,120.0,1310.47
40.0,COAST_S,24.0,1347.14
40.0,COAST_S,36.0,1652.308
40.0,COAST_S,48.0,1931.075
40.0,COAST_S,72.0,2429.04
40.0,COAST_S,96.0,2728.541
40.0,COAST_S,120.0,2849.668
40.0,SWWA_W,24.0,585.828
40.0,SWWA_W,36.0,742.833
40.0,SWWA_W,48.0,781.568
40.0,SWWA_W,72.0,813.624
40.0,SWWA_W,96.0,844.973
40.0,INLAND_S,24.0,970.298
40.0,INLAND_S,36.0,1125.778
40.0,INLAND_S,48.0,1269.274
40.0,INLAND_S,72.0,1524.196
40.0,INLAND_S,96.0,1716.605
40.0,COAST_W,24.0,829.494
40.0,COAST_W,36.0,998.694
40.0,COAST_W,48.0,1096.489
40.0,COAST_W,72.0,1230.578
40.0,COAST_W,96.0,1269.643
40.0,COAST_W,120.0,1309.084
45.0,COAST_S,24.0,1344.876
45.0,COAST_S,36.0,1649.399
45.0,COAST_S,48.0,1927.59
45.0,COAST_S,72.0,2424.949
45.0,COAST_S,96.0,2723.84
45.0,COAST_S,120.0,2844.34
45.0,SWWA_W,24.0,585.099
45.0,SWWA_W,36.0,741.911
45.0,SWWA_W,48.0,780.616
45.0,SWWA_W,72.0,812.292
45.0,SWWA_W,96.0,843.642
45.0,INLAND_S,24.0,968.686
45.0,INLAND_S,36.0,1123.08
45.0,INLAND_S,48.0,1265.573
45.0,INLAND_S,72.0,1520.222
45.0,INLAND_S,96.0,1711.534
45.0,COAST_W,24.0,828.472
45.0,COAST_W,36.0,997.713
45.0,COAST_W,48.0,1095.443
45.0,COAST_W,72.0,1229.624
45.0,COAST_W,96.0,1268.477
45.0,COAST_W,120.0,1307.648
50.0,COAST_S,24.0,1342.73
50.0,COAST_S,36.0,1646.583
50.0,COAST_S,48.0,1924.235
50.0,COAST_S,72.0,2420.944
50.0,COAST_S,96.0,2721.098
50.0,COAST_S,120.0,2840.127
50.0,SWWA_W,24.0,584.335
50.0,SWWA_W,36.0,740.497
50.0,SWWA_W,48.0,779.665
50.0,SWWA_W,72.0,811.497
50.0,SWWA_W,96.0,842.454
50.0,INLAND_S,24.0,967.201
50.0,INLAND_S,36.0,1120.558
50.0,INLAND_S,48.0,1263.579
50.0,INLAND_S,72.0,1515.533
50.0,INLAND_S,96.0,1706.762
50.0,COAST_W,24.0,827.39
50.0,COAST_W,36.0,996.723
50.0,COAST_W,48.0,1094.437
50.0,COAST_W,72.0,1228.586
50.0,COAST_W,96.0,1266.748
50.0,COAST_W,120.0,1306.179
55.0,COAST_S,24.0,1340.695
55.0,COAST_S,36.0,1643.859
55.0,COAST_S,48.0,1920.994
55.0,COAST_S,72.0,2417.006
55.0,COAST_S,96.0,2716.344
55.0,COAST_S,120.0,2837.023
55.0,SWWA_W,24.0,583.812
55.0,SWWA_W,36.0,739.357
55.0,SWWA_W,48.0,778.982
55.0,SWWA_W,72.0,810.704
55.0,SWWA_W,96.0,841.572
55.0,INLAND_S,24.0,965.818
55.0,INLAND_S,36.0,1118.184
55.0,INLAND_S,48.0,1260.265
55.0,INLAND_S,72.0,1511.597
55.0,INLAND_S,96.0,1703.242
55.0,COAST_W,24.0,826.761
55.0,COAST_W,36.0,995.724
55.0,COAST_W,48.0,1093.464
55.0,COAST_W,72.0,1227.485
55.0,COAST_W,96.0,1265.474
55.0,COAST_W,120.0,1304.692
60.0,COAST_S,24.0,1338.766
60.0,COAST_S,36.0,1641.224
60.0,COAST_S,48.0,1917.855
60.0,COAST_S,72.0,2413.126
60.0,COAST_S,96.0,2711.603
60.0,COAST_S,120.0,2833.027
60.0,SWWA_W,24.0,583.417
60.0,SWWA_W,36.0,738.768
60.0,SWWA_W,48.0,778.347
60.0,SWWA_W,72.0,809.987
60.0,SWWA_W,96.0,840.672
60.0,INLAND_S,24.0,964.519
60.0,INLAND_S,36.0,1115.936
60.0,INLAND_S,48.0,1257.11
60.0,INLAND_S,72.0,1507.385
60.0,INLAND_S,96.0,1698.942
60.0,COAST_W,24.0,825.599
60.0,COAST_W,36.0,994.719
60.0,COAST_W,48.0,1092.522
60.0,COAST_W,72.0,1226.34
60.0,COAST_W,96.0,1264.669
60.0,COAST_W,120.0,1304.197
65.0,COAST_S,24.0,1336.936
65.0,COAST_S,36.0,1638.675
65.0,COAST_S,48.0,1914.81
65.0,COAST_S,72.0,2409.297
65.0,COAST_S,96.0,2706.892
65.0,COAST_S,120.0,2829.135
65.0,SWWA_W,24.0,583.039
65.0,SWWA_W,36.0,738.212
65.0,SWWA_W,48.0,777.745
65.0,SWWA_W,72.0,809.127
65.0,SWWA_W,96.0,839.835
65.0,INLAND_S,24.0,963.29
65.0,INLAND_S,36.0,1113.797
65.0,INLAND_S,48.0,1254.095
65.0,INLAND_S,72.0,1503.377
65.0,INLAND_S,96.0,1694.338
65.0,COAST_W,24.0,824.911
65.0,COAST_W,36.0,993.709
65.0,COAST_W,48.0,1091.605
65.0,COAST_W,72.0,1226.162
65.0,COAST_W,96.0,1263.344
65.0,COAST_W,120.0,1302.701
70.0,COAST_S,24.0,1335.197
70.0,COAST_S,36.0,1636.208
70.0,COAST_S,48.0,1911.849
70.0,COAST_S,72.0,2405.517
70.0,COAST_S,96.0,2702.222
70.0,COAST_S,120.0,2824.346
70.0,SWWA_W,24.0,582.672
70.0,SWWA_W,36.0,737.478
70.0,SWWA_W,48.0,776.964
70.0,SWWA_W,72.0,808.11
70.0,SWWA_W,96.0,839.148
70.0,INLAND_S,24.0,962.121
70.0,INLAND_S,36.0,1111.754
70.0,INLAND_S,48.0,1251.207
70.0,INLAND_S,72.0,1500.053
70.0,INLAND_S,96.0,1690.408
70.0,COAST_W,24.0,824.706
70.0,COAST_W,36.0,992.695
70.0,COAST_W,48.0,1090.713
70.0,COAST_W,72.0,1224.961
70.0,COAST_W,96.0,1263.008
70.0,COAST_W,120.0,1301.209
75.0,COAST_S,24.0,1333.542
75.0,COAST_S,36.0,1633.818
75.0,COAST_S,48.0,1908.967
75.0,COAST_S,72.0,2401.783
75.0,COAST_S,96.0,2699.603
75.0,COAST_S,120.0,2821.656
75.0,SWWA_W,24.0,582.311
75.0,SWWA_W,36.0,736.659
75.0,SWWA_W,48.0,776.199
75.0,SWWA_W,72.0,807.226
75.0,SWWA_W,96.0,838.201
75.0,INLAND_S,24.0,961.004
75.0,INLAND_S,36.0,1109.797
75.0,INLAND_S,48.0,1248.734
75.0,INLAND_S,72.0,1496.898
75.0,INLAND_S,96.0,1686.636
75.0,COAST_W,24.0,823.489
75.0,COAST_W,36.0,991.678
75.0,COAST_W,48.0,1089.842
75.0,COAST_W,72.0,1223.746
75.0,COAST_W,96.0,1262.666
75.0,COAST_W,120.0,1300.725
80.0,COAST_S,24.0,1331.964
80.0,COAST_S,36.0,1631.502
80.0,COAST_S,48.0,1907.159
80.0,COAST_S,72.0,2398.094
80.0,COAST_S,96.0,2696.042
80.0,COAST_S,120.0,2817.062
80.0,SWWA_W,24.0,581.953
80.0,SWWA_W,36.0,735.649
80.0,SWWA_W,48.0,775.444
80.0,SWWA_W,72.0,806.168
80.0,SWWA_W,96.0,837.585
80.0,INLAND_S,24.0,959.932
80.0,INLAND_S,36.0,1107.916
80.0,INLAND_S,48.0,1246.766
80.0,INLAND_S,72.0,1494.898
80.0,INLAND_S,96.0,1684.509
80.0,COAST_W,24.0,822.265
80.0,COAST_W,36.0,990.66
80.0,COAST_W,48.0,1088.991
80.0,COAST_W,72.0,1222.523
80.0,COAST_W,96.0,1261.325
80.0,COAST_W,120.0,1299.253
85.0,COAST_S,24.0,1331.658
85.0,COAST_S,36.0,1629.254
85.0,COAST_S,48.0,1904.418
85.0,COAST_S,72.0,2394.449
85.0,COAST_S,96.0,2692.541
85.0,COAST_S,120.0,2812.562
85.0,SWWA_W,24.0,581.495
85.0,SWWA_W,36.0,734.844
85.0,SWWA_W,48.0,774.595
85.0,SWWA_W,72.0,805.13
85.0,SWWA_W,96.0,836.694
85.0,INLAND_S,24.0,958.901
85.0,INLAND_S,36.0,1106.105
85.0,INLAND_S,48.0,1244.894
85.0,INLAND_S,72.0,1491.042
85.0,INLAND_S,96.0,1682.515
85.0,COAST_W,24.0,821.038
85.0,COAST_W,36.0,989.642
85.0,COAST_W,48.0,1088.157
85.0,COAST_W,72.0,1221.296
85.0,COAST_W,96.0,1259.986
85.0,COAST_W,120.0,1297.793
90.0,COAST_S,24.0,1330.219
90.0,COAST_S,36.0,1627.072
90.0,COAST_S,48.0,1902.742
90.0,COAST_S,72.0,2390.848
90.0,COAST_S,96.0,2689.105
90.0,COAST_S,120.0,2809.152
90.0,SWWA_W,24.0,581.135
90.0,SWWA_W,36.0,733.84
90.0,SWWA_W,48.0,773.849
90.0,SWWA_W,72.0,804.707
90.0,SWWA_W,96.0,835.924
90.0,INLAND_S,24.0,957.904
90.0,INLAND_S,36.0,1104.556
90.0,INLAND_S,48.0,1242.711
90.0,INLAND_S,72.0,1488.318
90.0,INLAND_S,96.0,1679.643
90.0,COAST_W,24.0,820.311
90.0,COAST_W,36.0,988.624
90.0,COAST_W,48.0,1087.34
90.0,COAST_W,72.0,1220.068
90.0,COAST_W,96.0,1259.154
90.0,COAST_W,120.0,1296.849
95.0,COAST_S,24.0,1328.84
95.0,COAST_S,36.0,1624.951
95.0,COAST_S,48.0,1900.125
95.0,COAST_S,72.0,2387.289
95.0,COAST_S,96.0,2683.734
95.0,COAST_S,120.0,2806.029
95.0,SWWA_W,24.0,580.774
95.0,SWWA_W,36.0,732.936
95.0,SWWA_W,48.0,773.105
95.0,SWWA_W,72.0,803.996
95.0,SWWA_W,96.0,835.171
95.0,INLAND_S,24.0,956.94
95.0,INLAND_S,36.0,1102.966
95.0,INLAND_S,48.0,1240.809
95.0,INLAND_S,72.0,1484.718
95.0,INLAND_S,96.0,1675.886
95.0,COAST_W,24.0,819.287
95.0,COAST_W,36.0,987.609
95.0,COAST_W,48.0,1086.538
95.0,COAST_W,72.0,1218.844
95.0,COAST_W,96.0,1257.83
95.0,COAST_W,120.0,1295.921
100.0,COAST_S,24.0,1327.0
100.0,COAST_S,36.0,1623.0
100.0,COAST_S,48.0,1898.0
100.0,COAST_S,72.0,2385.0
100.0,COAST_S,96.0,2680.0
100.0,COAST_S,120.0,2803.0
100.0,SWWA_W,24.0,580.0
100.0,SWWA_W,36.0,732.0
100.0,SWWA_W,48.0,772.0
100.0,SWWA_W,72.0,803.0
100.0,SWWA_W,96.0,834.0
100.0,INLAND_S,24.0,955.0
100.0,INLAND_S,36.0,1102.0
100.0,INLAND_S,48.0,1239.0
100.0,INLAND_S,72.0,1480.0
100.0,INLAND_S,96.0,1672.0
100.0,COAST_W,24.0,818.0
100.0,COAST_W,36.0,986.0
100.0,COAST_W,48.0,1086.0
100.0,COAST_W,72.0,1218.0
100.0,COAST_W,96.0,1257.0
100.0,COAST_W,120.0,1295.0
150.0,COAST_S,24.0,1317.44
150.0,COAST_S,36.0,1605.828
150.0,COAST_S,48.0,1875.504
150.0,COAST_S,72.0,2350.793
150.0,COAST_S,96.0,2637.913
150.0,COAST_S,120.0,2768.222
150.0,SWWA_W,24.0,575.683
150.0,SWWA_W,36.0,725.874
150.0,SWWA_W,48.0,766.331
150.0,SWWA_W,72.0,798.799
150.0,SWWA_W,96.0,827.654
150.0,INLAND_S,24.0,948.101
150.0,INLAND_S,36.0,1087.865
150.0,INLAND_S,48.0,1217.992
150.0,INLAND_S,72.0,1447.364
150.0,INLAND_S,96.0,1640.358
150.0,COAST_W,24.0,805.619
150.0,COAST_W,36.0,976.698
150.0,COAST_W,48.0,1077.467
150.0,COAST_W,72.0,1205.94
150.0,COAST_W,96.0,1244.579
150.0,COAST_W,120.0,1283.334
200.0,COAST_S,24.0,1310.276
200.0,COAST_S,36.0,1592.079
200.0,COAST_S,48.0,1853.858
200.0,COAST_S,72.0,2321.349
200.0,COAST_S,96.0,2601.923
200.0,COAST_S,120.0,2736.571
200.0,SWWA_W,24.0,571.305
200.0,SWWA_W,36.0,720.797
200.0,SWWA_W,48.0,761.332
200.0,SWWA_W,72.0,794.777
200.0,SWWA_W,96.0,822.971
200.0,INLAND_S,24.0,940.944
200.0,INLAND_S,36.0,1076.419
200.0,INLAND_S,48.0,1201.591
200.0,INLAND_S,72.0,1422.317
200.0,INLAND_S,96.0,1613.472
200.0,COAST_W,24.0,794.921
200.0,COAST_W,36.0,966.867
200.0,COAST_W,48.0,1070.945
200.0,COAST_W,72.0,1195.389
200.0,COAST_W,96.0,1232.474
200.0,COAST_W,120.0,1271.726
250.0,COAST_S,24.0,1303.618
250.0,COAST_S,36.0,1577.461
250.0,COAST_S,48.0,1835.58
250.0,COAST_S,72.0,2294.829
250.0,COAST_S,96.0,2569.191
250.0,COAST_S,120.0,2707.044
250.0,SWWA_W,24.0,567.134
250.0,SWWA_W,36.0,715.083
250.0,SWWA_W,48.0,756.294
250.0,SWWA_W,72.0,790.455
250.0,SWWA_W,96.0,818.702
250.0,INLAND_S,24.0,934.913
250.0,INLAND_S,36.0,1067.684
250.0,INLAND_S,48.0,1188.297
250.0,INLAND_S,72.0,1402.328
250.0,INLAND_S,96.0,1588.556
250.0,COAST_W,24.0,785.24
250.0,COAST_W,36.0,957.636
250.0,COAST_W,48.0,1064.931
250.0,COAST_W,72.0,1185.887
250.0,COAST_W,96.0,1222.524
250.0,COAST_W,120.0,1260.379
300.0,COAST_S,24.0,1295.878
300.0,COAST_S,36.0,1566.327
300.0,COAST_S,48.0,1820.065
300.0,COAST_S,72.0,2270.721
300.0,COAST_S,96.0,2542.756
300.0,COAST_S,120.0,2679.623
300.0,SWWA_W,24.0,562.97
300.0,SWWA_W,36.0,710.17
300.0,SWWA_W,48.0,751.215
300.0,SWWA_W,72.0,785.763
300.0,SWWA_W,96.0,814.726
300.0,INLAND_S,24.0,929.464
300.0,INLAND_S,36.0,1058.148
300.0,INLAND_S,48.0,1176.324
300.0,INLAND_S,72.0,1385.676
300.0,INLAND_S,96.0,1567.496
300.0,COAST_W,24.0,776.434
300.0,COAST_W,36.0,949.961
300.0,COAST_W,48.0,1060.298
300.0,COAST_W,72.0,1177.26
300.0,COAST_W,96.0,1213.516
300.0,COAST_W,120.0,1249.037
350.0,COAST_S,24.0,1289.742
350.0,COAST_S,36.0,1556.288
350.0,COAST_S,48.0,1805.927
350.0,COAST_S,72.0,2248.627
350.0,COAST_S,96.0,2521.936
350.0,COAST_S,120.0,2652.628
350.0,SWWA_W,24.0,558.97
350.0,SWWA_W,36.0,705.736
350.0,SWWA_W,48.0,745.652
350.0,SWWA_W,72.0,781.434
350.0,SWWA_W,96.0,811.344
350.0,INLAND_S,24.0,924.457
350.0,INLAND_S,36.0,1049.509
350.0,INLAND_S,48.0,1165.203
350.0,INLAND_S,72.0,1371.125
350.0,INLAND_S,96.0,1550.604
350.0,COAST_W,24.0,768.369
350.0,COAST_W,36.0,942.787
350.0,COAST_W,48.0,1054.969
350.0,COAST_W,72.0,1169.358
350.0,COAST_W,96.0,1205.28
350.0,COAST_W,120.0,1240.507
400.0,COAST_S,24.0,1285.023
400.0,COAST_S,36.0,1547.092
400.0,COAST_S,48.0,1792.899
400.0,COAST_S,72.0,2228.234
400.0,COAST_S,96.0,2500.235
400.0,COAST_S,120.0,2630.587
400.0,SWWA_W,24.0,555.462
400.0,SWWA_W,36.0,701.224
400.0,SWWA_W,48.0,740.233
400.0,SWWA_W,72.0,776.888
400.0,SWWA_W,96.0,807.963
400.0,INLAND_S,24.0,919.805
400.0,INLAND_S,36.0,1042.571
400.0,INLAND_S,48.0,1156.127
400.0,INLAND_S,72.0,1358.193
400.0,INLAND_S,96.0,1534.419
400.0,COAST_W,24.0,760.934
400.0,COAST_W,36.0,935.257
400.0,COAST_W,48.0,1049.893
400.0,COAST_W,72.0,1162.061
400.0,COAST_W,96.0,1197.685
400.0,COAST_W,120.0,1232.647
450.0,COAST_S,24.0,1280.608
450.0,COAST_S,36.0,1538.569
450.0,COAST_S,48.0,1780.792
450.0,COAST_S,72.0,2209.297
450.0,COAST_S,96.0,2477.287
450.0,COAST_S,120.0,2610.155
450.0,SWWA_W,24.0,551.76
450.0,SWWA_W,36.0,696.455
450.0,SWWA_W,48.0,734.971
450.0,SWWA_W,72.0,772.939
450.0,SWWA_W,96.0,804.385
450.0,INLAND_S,24.0,915.446
450.0,INLAND_S,36.0,1036.199
450.0,INLAND_S,48.0,1147.886
450.0,INLAND_S,72.0,1345.549
450.0,INLAND_S,96.0,1520.116
450.0,COAST_W,24.0,754.038
450.0,COAST_W,36.0,928.723
450.0,COAST_W,48.0,1045.034
450.0,COAST_W,72.0,1155.274
450.0,COAST_W,96.0,1190.628
450.0,COAST_W,120.0,1225.35
500.0,COAST_S,24.0,1274.0
500.0,COAST_S,36.0,1530.0
500.0,COAST_S,48.0,1769.0
500.0,COAST_S,72.0,2190.0
500.0,COAST_S,96.0,2460.0
500.0,COAST_S,120.0,2590.0
500.0,SWWA_W,24.0,548.0
500.0,SWWA_W,36.0,693.0
500.0,SWWA_W,48.0,731.0
500.0,SWWA_W,72.0,770.0
500.0,SWWA_W,96.0,802.0
500.0,INLAND_S,24.0,911.0
500.0,INLAND_S,36.0,1029.0
500.0,INLAND_S,48.0,1139.0
500.0,INLAND_S,72.0,1334.0
500.0,INLAND_S,96.0,1505.0
500.0,COAST_W,24.0,748.0
500.0,COAST_W,36.0,922.0
500.0,COAST_W,48.0,1040.0
500.0,COAST_W,72.0,1149.0
500.0,COAST_W,96.0,1184.0
500.0,COAST_W,120.0,1218.0
550.0,COAST_S,24.0,1271.413
550.0,COAST_S,36.0,1523.081
550.0,COAST_S,48.0,1758.801
550.0,COAST_S,72.0,2175.042
550.0,COAST_S,96.0,2444.595
550.0,COAST_S,120.0,2574.148
550.0,SWWA_W,24.0,545.494
550.0,SWWA_W,36.0,688.679
550.0,SWWA_W,48.0,726.225
550.0,SWWA_W,72.0,766.051
550.0,SWWA_W,96.0,798.639
550.0,INLAND_S,24.0,907.44
550.0,INLAND_S,36.0,1024.286
550.0,INLAND_S,48.0,1133.338
550.0,INLAND_S,72.0,1325.23
550.0,INLAND_S,96.0,1495.262
550.0,COAST_W,24.0,741.581
550.0,COAST_W,36.0,916.079
550.0,COAST_W,48.0,1035.865
550.0,COAST_W,72.0,1142.951
550.0,COAST_W,96.0,1177.833
550.0,COAST_W,120.0,1212.126
600.0,COAST_S,24.0,1267.548
600.0,COAST_S,36.0,1515.959
600.0,COAST_S,48.0,1748.721
600.0,COAST_S,72.0,2159.435
600.0,COAST_S,96.0,2428.465
600.0,COAST_S,120.0,2558.219
600.0,SWWA_W,24.0,542.528
600.0,SWWA_W,36.0,684.173
600.0,SWWA_W,48.0,721.737
600.0,SWWA_W,72.0,762.315
600.0,SWWA_W,96.0,794.968
600.0,INLAND_S,24.0,903.731
600.0,INLAND_S,36.0,1019.116
600.0,INLAND_S,48.0,1126.832
600.0,INLAND_S,72.0,1316.242
600.0,INLAND_S,96.0,1483.391
600.0,COAST_W,24.0,735.912
600.0,COAST_W,36.0,910.202
600.0,COAST_W,48.0,1031.517
600.0,COAST_W,72.0,1137.307
600.0,COAST_W,96.0,1171.981
600.0,COAST_W,120.0,1206.082
650.0,COAST_S,24.0,1262.8
650.0,COAST_S,36.0,1509.175
650.0,COAST_S,48.0,1739.151
650.0,COAST_S,72.0,2144.689
650.0,COAST_S,96.0,2413.283
650.0,COAST_S,120.0,2543.161
650.0,SWWA_W,24.0,539.271
650.0,SWWA_W,36.0,679.717
650.0,SWWA_W,48.0,716.997
650.0,SWWA_W,72.0,758.283
650.0,SWWA_W,96.0,790.994
650.0,INLAND_S,24.0,900.189
650.0,INLAND_S,36.0,1014.239
650.0,INLAND_S,48.0,1120.742
650.0,INLAND_S,72.0,1307.883
650.0,INLAND_S,96.0,1472.232
650.0,COAST_W,24.0,730.558
650.0,COAST_W,36.0,904.585
650.0,COAST_W,48.0,1027.307
650.0,COAST_W,72.0,1131.953
650.0,COAST_W,96.0,1166.435
650.0,COAST_W,120.0,1200.355
700.0,COAST_S,24.0,1259.152
700.0,COAST_S,36.0,1502.687
700.0,COAST_S,48.0,1730.035
700.0,COAST_S,72.0,2130.715
700.0,COAST_S,96.0,2398.936
700.0,COAST_S,120.0,2528.873
700.0,SWWA_W,24.0,536.418
700.0,SWWA_W,36.0,675.106
700.0,SWWA_W,48.0,712.7
700.0,SWWA_W,72.0,754.552
700.0,SWWA_W,96.0,787.315
700.0,INLAND_S,24.0,896.796
700.0,INLAND_S,36.0,1010.12
700.0,INLAND_S,48.0,1115.013
700.0,INLAND_S,72.0,1300.568
700.0,INLAND_S,96.0,1462.697
700.0,COAST_W,24.0,725.486
700.0,COAST_W,36.0,899.203
700.0,COAST_W,48.0,1023.223
700.0,COAST_W,72.0,1126.857
700.0,COAST_W,96.0,1161.16
700.0,COAST_W,120.0,1194.911
750.0,COAST_S,24.0,1254.588
750.0,COAST_S,36.0,1496.461
750.0,COAST_S,48.0,1721.326
750.0,COAST_S,72.0,2117.435
750.0,COAST_S,96.0,2385.331
750.0,COAST_S,120.0,2515.27
750.0,SWWA_W,24.0,533.164
750.0,SWWA_W,36.0,670.434
750.0,SWWA_W,48.0,708.539
750.0,SWWA_W,72.0,750.519
750.0,SWWA_W,96.0,783.426
750.0,INLAND_S,24.0,893.536
750.0,INLAND_S,36.0,1005.729
750.0,INLAND_S,48.0,1109.601
750.0,INLAND_S,72.0,1293.23
750.0,INLAND_S,96.0,1453.711
750.0,COAST_W,24.0,720.666
750.0,COAST_W,36.0,895.037
750.0,COAST_W,48.0,1019.255
750.0,COAST_W,72.0,1121.992
750.0,COAST_W,96.0,1156.128
750.0,COAST_W,120.0,1189.721
800.0,COAST_S,24.0,1251.099
800.0,COAST_S,36.0,1489.469
800.0,COAST_S,48.0,1712.982
800.0,COAST_S,72.0,2104.782
800.0,COAST_S,96.0,2372.389
800.0,COAST_S,120.0,2502.282
800.0,SWWA_W,24.0,530.206
800.0,SWWA_W,36.0,666.195
800.0,SWWA_W,48.0,704.308
800.0,SWWA_W,72.0,746.782
800.0,SWWA_W,96.0,779.725
800.0,INLAND_S,24.0,890.399
800.0,INLAND_S,36.0,1001.543
800.0,INLAND_S,48.0,1104.47
800.0,INLAND_S,72.0,1286.312
800.0,INLAND_S,96.0,1445.214
800.0,COAST_W,24.0,716.074
800.0,COAST_W,36.0,890.07
800.0,COAST_W,48.0,1015.395
800.0,COAST_W,72.0,1117.335
800.0,COAST_W,96.0,1151.315
800.0,COAST_W,120.0,1184.758
850.0,COAST_S,24.0,1247.677
850.0,COAST_S,36.0,1483.687
850.0,COAST_S,48.0,1704.971
850.0,COAST_S,72.0,2092.701
850.0,COAST_S,96.0,2362.045
850.0,COAST_S,120.0,2488.847
850.0,SWWA_W,24.0,527.438
850.0,SWWA_W,36.0,662.083
850.0,SWWA_W,48.0,700.199
850.0,SWWA_W,72.0,743.135
850.0,SWWA_W,96.0,776.107
850.0,INLAND_S,24.0,887.373
850.0,INLAND_S,36.0,997.54
850.0,INLAND_S,48.0,1099.59
850.0,INLAND_S,72.0,1279.566
850.0,INLAND_S,96.0,1437.154
850.0,COAST_W,24.0,711.689
850.0,COAST_W,36.0,885.285
850.0,COAST_W,48.0,1011.636
850.0,COAST_W,72.0,1112.867
850.0,COAST_W,96.0,1146.7
850.0,COAST_W,120.0,1179.003
900.0,COAST_S,24.0,1243.313
900.0,COAST_S,36.0,1477.096
900.0,COAST_S,48.0,1697.263
900.0,COAST_S,72.0,2081.141
900.0,COAST_S,96.0,2350.242
900.0,COAST_S,120.0,2476.916
900.0,SWWA_W,24.0,524.456
900.0,SWWA_W,36.0,657.892
900.0,SWWA_W,48.0,696.408
900.0,SWWA_W,72.0,739.176
900.0,SWWA_W,96.0,772.769
900.0,INLAND_S,24.0,884.449
900.0,INLAND_S,36.0,993.703
900.0,INLAND_S,48.0,1094.435
900.0,INLAND_S,72.0,1273.254
900.0,INLAND_S,96.0,1430.488
900.0,COAST_W,24.0,707.493
900.0,COAST_W,36.0,880.669
900.0,COAST_W,48.0,1007.97
900.0,COAST_W,72.0,1108.57
900.0,COAST_W,96.0,1142.266
900.0,COAST_W,120.0,1174.435
950.0,COAST_S,24.0,1240.004
950.0,COAST_S,36.0,1471.679
950.0,COAST_S,48.0,1689.833
950.0,COAST_S,72.0,2070.059
950.0,COAST_S,96.0,2338.93
950.0,COAST_S,120.0,2465.444
950.0,SWWA_W,24.0,521.757
950.0,SWWA_W,36.0,654.116
950.0,SWWA_W,48.0,692.727
950.0,SWWA_W,72.0,735.402
950.0,SWWA_W,96.0,769.508
950.0,INLAND_S,24.0,881.619
950.0,INLAND_S,36.0,990.018
950.0,INLAND_S,48.0,1089.484
950.0,INLAND_S,72.0,1267.141
950.0,INLAND_S,96.0,1423.179
950.0,COAST_W,24.0,703.469
950.0,COAST_W,36.0,876.21
950.0,COAST_W,48.0,1004.392
950.0,COAST_W,72.0,1104.43
950.0,COAST_W,96.0,1137.998
950.0,COAST_W,120.0,1170.041
1000.0,COAST_S,24.0,1238.0
1000.0,COAST_S,36.0,1468.0
1000.0,COAST_S,48.0,1682.0
1000.0,COAST_S,72.0,2060.0
1000.0,COAST_S,96.0,2330.0
1000.0,COAST_S,120.0,2455.0
1000.0,SWWA_W,24.0,519.0
1000.0,SWWA_W,36.0,650.0
1000.0,SWWA_W,48.0,689.0
1000.0,SWWA_W,72.0,732.0
1000.0,SWWA_W,96.0,766.0
1000.0,INLAND_S,24.0,879.0
1000.0,INLAND_S,36.0,986.0
1000.0,INLAND_S,48.0,1085.0
1000.0,INLAND_S,72.0,1260.0
1000.0,INLAND_S,96.0,1417.0
1000.0,COAST_W,24.0,700.0
1000.0,COAST_W,36.0,872.0
1000.0,COAST_W,48.0,1000.0
1000.0,COAST_W,72.0,1100.0
1000.0,COAST_W,96.0,1133.0
1000.0,COAST_W,120.0,1165.0
1500.0,COAST_S,24.0,1205.33
1500.0,COAST_S,36.0,1419.496
1500.0,COAST_S,48.0,1618.6
1500.0,COAST_S,72.0,1969.344
1500.0,COAST_S,96.0,2237.805
1500.0,COAST_S,120.0,2362.239
1500.0,SWWA_W,24.0,492.588
1500.0,SWWA_W,36.0,612.7
1500.0,SWWA_W,48.0,654.702
1500.0,SWWA_W,72.0,700.46
1500.0,SWWA_W,96.0,735.98
1500.0,INLAND_S,24.0,855.176
1500.0,INLAND_S,36.0,956.67
1500.0,INLAND_S,48.0,1049.98
1500.0,INLAND_S,72.0,1215.835
1500.0,INLAND_S,96.0,1361.406
1500.0,COAST_W,24.0,668.512
1500.0,COAST_W,36.0,834.028
1500.0,COAST_W,48.0,969.647
1500.0,COAST_W,72.0,1065.465
1500.0,COAST_W,96.0,1099.027
1500.0,COAST_W,120.0,1131.052
2000.0,COAST_S,24.0,1181.934
2000.0,COAST_S,36.0,1383.758
2000.0,COAST_S,48.0,1571.573
2000.0,COAST_S,72.0,1903.275
2000.0,COAST_S,96.0,2168.134
2000.0,COAST_S,120.0,2289.858
2000.0,SWWA_W,24.0,471.753
2000.0,SWWA_W,36.0,583.815
2000.0,SWWA_W,48.0,627.216
2000.0,SWWA_W,72.0,673.599
2000.0,SWWA_W,96.0,711.337
2000.0,INLAND_S,24.0,836.149
2000.0,INLAND_S,36.0,933.612
2000.0,INLAND_S,48.0,1024.31
2000.0,INLAND_S,72.0,1183.285
2000.0,INLAND_S,96.0,1322.665
2000.0,COAST_W,24.0,643.241
2000.0,COAST_W,36.0,804.037
2000.0,COAST_W,48.0,943.364
2000.0,COAST_W,72.0,1038.717
2000.0,COAST_W,96.0,1071.787
2000.0,COAST_W,120.0,1104.284
2500.0,COAST_S,24.0,1160.0
2500.0,COAST_S,36.0,1353.0
2500.0,COAST_S,48.0,1533.0
2500.0,COAST_S,72.0,1850.0
2500.0,COAST_S,96.0,2110.0
2500.0,COAST_S,120.0,2230.0
2500.0,SWWA_W,24.0,454.0
2500.0,SWWA_W,36.0,560.0
2500.0,SWWA_W,48.0,604.0
2500.0,SWWA_W,72.0,652.0
2500.0,SWWA_W,96.0,690.0
2500.0,INLAND_S,24.0,820.0
2500.0,INLAND_S,36.0,915.0
2500.0,INLAND_S,48.0,1003.0
2500.0,INLAND_S,72.0,1158.0
2500.0,INLAND_S,96.0,1292.0
2500.0,COAST_W,24.0,622.0
2500.0,COAST_W,36.0,780.0
2500.0,COAST_W,48.0,922.0
2500.0,COAST_W,72.0,1016.0
2500.0,COAST_W,96.0,1049.0
2500.0,COAST_W,120.0,1082.0
3000.0,COAST_S,24.0,1136.736
3000.0,COAST_S,36.0,1323.558
3000.0,COAST_S,48.0,1499.318
3000.0,COAST_S,72.0,1808.482
3000.0,COAST_S,96.0,2061.02
3000.0,COAST_S,120.0,2181.004
3000.0,SWWA_W,24.0,439.998
3000.0,SWWA_W,36.0,539.54
3000.0,SWWA_W,48.0,584.195
3000.0,SWWA_W,72.0,634.131
3000.0,SWWA_W,96.0,673.705
3000.0,INLAND_S,24.0,806.22
3000.0,INLAND_S,36.0,898.41
3000.0,INLAND_S,48.0,985.277
3000.0,INLAND_S,72.0,1135.81
3000.0,INLAND_S,96.0,1263.233
3000.0,COAST_W,24.0,607.192
3000.0,COAST_W,36.0,760.572
3000.0,COAST_W,48.0,900.272
3000.0,COAST_W,72.0,997.121
3000.0,COAST_W,96.0,1029.833
3000.0,COAST_W,120.0,1062.903
3500.0,COAST_S,24.0,1116.257
3500.0,COAST_S,36.0,1298.729
3500.0,COAST_S,48.0,1469.124
3500.0,COAST_S,72.0,1770.839
3500.0,COAST_S,96.0,2019.916
3500.0,COAST_S,120.0,2136.194
3500.0,SWWA_W,24.0,427.596
3500.0,SWWA_W,36.0,522.054
3500.0,SWWA_W,48.0,567.675
3500.0,SWWA_W,72.0,618.433
3500.0,SWWA_W,96.0,658.186
3500.0,INLAND_S,24.0,793.91
3500.0,INLAND_S,36.0,884.206
3500.0,INLAND_S,48.0,969.288
3500.0,INLAND_S,72.0,1116.639
3500.0,INLAND_S,96.0,1238.851
3500.0,COAST_W,24.0,592.968
3500.0,COAST_W,36.0,742.667
3500.0,COAST_W,48.0,882.029
3500.0,COAST_W,72.0,980.076
3500.0,COAST_W,96.0,1012.793
3500.0,COAST_W,120.0,1045.842
4000.0,COAST_S,24.0,1097.211
4000.0,COAST_S,36.0,1276.205
4000.0,COAST_S,48.0,1443.123
4000.0,COAST_S,72.0,1737.937
4000.0,COAST_S,96.0,1984.479
4000.0,COAST_S,120.0,2096.225
4000.0,SWWA_W,24.0,415.597
4000.0,SWWA_W,36.0,508.514
4000.0,SWWA_W,48.0,553.036
4000.0,SWWA_W,72.0,604.947
4000.0,SWWA_W,96.0,644.05
4000.0,INLAND_S,24.0,782.846
4000.0,INLAND_S,36.0,871.542
4000.0,INLAND_S,48.0,955.59
4000.0,INLAND_S,72.0,1100.272
4000.0,INLAND_S,96.0,1218.44
4000.0,COAST_W,24.0,580.428
4000.0,COAST_W,36.0,726.752
4000.0,COAST_W,48.0,865.417
4000.0,COAST_W,72.0,965.752
4000.0,COAST_W,96.0,997.554
4000.0,COAST_W,120.0,1030.664
4500.0,COAST_S,24.0,1079.426
4500.0,COAST_S,36.0,1255.578
4500.0,COAST_S,48.0,1420.675
4500.0,COAST_S,72.0,1710.716
4500.0,COAST_S,96.0,1952.707
4500.0,COAST_S,120.0,2060.103
4500.0,SWWA_W,24.0,406.727
4500.0,SWWA_W,36.0,496.535
4500.0,SWWA_W,48.0,540.412
4500.0,SWWA_W,72.0,591.857
4500.0,SWWA_W,96.0,631.21
4500.0,INLAND_S,24.0,772.787
4500.0,INLAND_S,36.0,861.099
4500.0,INLAND_S,48.0,943.298
4500.0,INLAND_S,72.0,1086.186
4500.0,INLAND_S,96.0,1199.323
4500.0,COAST_W,24.0,570.198
4500.0,COAST_W,36.0,712.42
4500.0,COAST_W,48.0,850.154
4500.0,COAST_W,72.0,951.803
4500.0,COAST_W,96.0,983.747
4500.0,COAST_W,120.0,1015.98
5000.0,COAST_S,24.0,1060.0
5000.0,COAST_S,36.0,1235.0
5000.0,COAST_S,48.0,1398.0
5000.0,COAST_S,72.0,1685.0
5000.0,COAST_S,96.0,1925.0
5000.0,COAST_S,120.0,2030.0
5000.0,SWWA_W,24.0,397.0
5000.0,SWWA_W,36.0,486.0
5000.0,SWWA_W,48.0,528.0
5000.0,SWWA_W,72.0,580.0
5000.0,SWWA_W,96.0,620.0
5000.0,INLAND_S,24.0,764.0
5000.0,INLAND_S,36.0,851.0
5000.0,INLAND_S,48.0,931.0
5000.0,INLAND_S,72.0,1073.0
5000.0,INLAND_S,96.0,1185.0
5000.0,COAST_W,24.0,560.0
5000.0,COAST_W,36.0,700.0
5000.0,COAST_W,48.0,838.0
5000.0,COAST_W,72.0,940.0
5000.0,COAST_W,96.0,972.0
5000.0,COAST_W,120.0,1003.0
5500.0,COAST_S,24.0,1042.091
5500.0,COAST_S,36.0,1215.885
5500.0,COAST_S,48.0,1374.704
5500.0,COAST_S,72.0,1660.545
5500.0,COAST_S,96.0,1896.53
5500.0,COAST_S,120.0,1997.756
5500.0,SWWA_W,24.0,390.114
5500.0,SWWA_W,36.0,476.195
5500.0,SWWA_W,48.0,517.693
5500.0,SWWA_W,72.0,568.98
5500.0,SWWA_W,96.0,608.614
5500.0,INLAND_S,24.0,755.026
5500.0,INLAND_S,36.0,841.027
5500.0,INLAND_S,48.0,918.923
5500.0,INLAND_S,72.0,1060.017
5500.0,INLAND_S,96.0,1169.227
5500.0,COAST_W,24.0,551.704
5500.0,COAST_W,36.0,688.411
5500.0,COAST_W,48.0,822.887
5500.0,COAST_W,72.0,929.102
5500.0,COAST_W,96.0,959.449
5500.0,COAST_W,120.0,991.059
6000.0,COAST_S,24.0,1026.321
6000.0,COAST_S,36.0,1197.408
6000.0,COAST_S,48.0,1355.576
6000.0,COAST_S,72.0,1639.647
6000.0,COAST_S,96.0,1871.221
6000.0,COAST_S,120.0,1969.61
6000.0,SWWA_W,24.0,382.802
6000.0,SWWA_W,36.0,466.956
6000.0,SWWA_W,48.0,508.236
6000.0,SWWA_W,72.0,558.372
6000.0,SWWA_W,96.0,598.065
6000.0,INLAND_S,24.0,747.091
6000.0,INLAND_S,36.0,833.103
6000.0,INLAND_S,48.0,908.995
6000.0,INLAND_S,72.0,1047.481
6000.0,INLAND_S,96.0,1155.657
6000.0,COAST_W,24.0,543.108
6000.0,COAST_W,36.0,677.35
6000.0,COAST_W,48.0,810.59
6000.0,COAST_W,72.0,919.026
6000.0,COAST_W,96.0,948.616
6000.0,COAST_W,120.0,980.461
6500.0,COAST_S,24.0,1009.365
6500.0,COAST_S,36.0,1179.973
6500.0,COAST_S,48.0,1337.727
6500.0,COAST_S,72.0,1620.427
6500.0,COAST_S,96.0,1847.666
6500.0,COAST_S,120.0,1944.37
6500.0,SWWA_W,24.0,375.854
6500.0,SWWA_W,36.0,458.986
6500.0,SWWA_W,48.0,499.036
6500.0,SWWA_W,72.0,549.291
6500.0,SWWA_W,96.0,588.701
6500.0,INLAND_S,24.0,739.671
6500.0,INLAND_S,36.0,824.778
6500.0,INLAND_S,48.0,899.742
6500.0,INLAND_S,72.0,1036.267
6500.0,INLAND_S,96.0,1143.129
6500.0,COAST_W,24.0,536.122
6500.0,COAST_W,36.0,667.065
6500.0,COAST_W,48.0,799.038
6500.0,COAST_W,72.0,909.642
6500.0,COAST_W,96.0,938.495
6500.0,COAST_W,120.0,970.598
7000.0,COAST_S,24.0,995.147
7000.0,COAST_S,36.0,1164.461
7000.0,COAST_S,48.0,1320.99
7000.0,COAST_S,72.0,1600.64
7000.0,COAST_S,96.0,1825.629
7000.0,COAST_S,120.0,1919.789
7000.0,SWWA_W,24.0,369.394
7000.0,SWWA_W,36.0,451.181
7000.0,SWWA_W,48.0,490.994
7000.0,SWWA_W,72.0,540.546
7000.0,SWWA_W,96.0,579.939
7000.0,INLAND_S,24.0,732.701
7000.0,INLAND_S,36.0,816.974
7000.0,INLAND_S,48.0,891.073
7000.0,INLAND_S,72.0,1025.756
7000.0,INLAND_S,96.0,1129.492
7000.0,COAST_W,24.0,528.659
7000.0,COAST_W,36.0,657.452
7000.0,COAST_W,48.0,788.145
7000.0,COAST_W,72.0,899.862
7000.0,COAST_W,96.0,928.994
7000.0,COAST_W,120.0,961.372
7500.0,COAST_S,24.0,980.606
7500.0,COAST_S,36.0,1147.775
7500.0,COAST_S,48.0,1305.233
7500.0,COAST_S,72.0,1583.09
7500.0,COAST_S,96.0,1804.916
7500.0,COAST_S,120.0,1896.664
7500.0,SWWA_W,24.0,363.663
7500.0,SWWA_W,36.0,443.456
7500.0,SWWA_W,48.0,480.528
7500.0,SWWA_W,72.0,532.561
7500.0,SWWA_W,96.0,570.709
7500.0,INLAND_S,24.0,726.13
7500.0,INLAND_S,36.0,808.626
7500.0,INLAND_S,48.0,882.915
7500.0,INLAND_S,72.0,1015.359
7500.0,INLAND_S,96.0,1118.624
7500.0,COAST_W,24.0,520.651
7500.0,COAST_W,36.0,648.427
7500.0,COAST_W,48.0,777.839
7500.0,COAST_W,72.0,890.616
7500.0,COAST_W,96.0,920.038
7500.0,COAST_W,120.0,952.705
8000.0,COAST_S,24.0,966.685
8000.0,COAST_S,36.0,1133.831
8000.0,COAST_S,48.0,1290.343
8000.0,COAST_S,72.0,1566.617
8000.0,COAST_S,96.0,1785.372
8000.0,COAST_S,120.0,1874.83
8000.0,SWWA_W,24.0,358.01
8000.0,SWWA_W,36.0,436.241
8000.0,SWWA_W,48.0,476.07
8000.0,SWWA_W,72.0,524.873
8000.0,SWWA_W,96.0,562.952
8000.0,INLAND_S,24.0,719.912
8000.0,INLAND_S,36.0,800.682
8000.0,INLAND_S,48.0,875.209
8000.0,INLAND_S,72.0,1006.499
8000.0,INLAND_S,96.0,1108.429
8000.0,COAST_W,24.0,514.042
8000.0,COAST_W,36.0,639.921
8000.0,COAST_W,48.0,768.062
8000.0,COAST_W,72.0,881.844
8000.0,COAST_W,96.0,911.565
8000.0,COAST_W,120.0,944.531
8500.0,COAST_S,24.0,954.334
8500.0,COAST_S,36.0,1119.559
8500.0,COAST_S,48.0,1275.229
8500.0,COAST_S,72.0,1551.093
8500.0,COAST_S,96.0,1766.867
8500.0,COAST_S,120.0,1854.148
8500.0,SWWA_W,24.0,352.692
8500.0,SWWA_W,36.0,429.479
8500.0,SWWA_W,48.0,469.062
8500.0,SWWA_W,72.0,517.63
8500.0,SWWA_W,96.0,556.92
8500.0,INLAND_S,24.0,714.01
8500.0,INLAND_S,36.0,794.098
8500.0,INLAND_S,48.0,867.905
8500.0,INLAND_S,72.0,997.615
8500.0,INLAND_S,96.0,1097.827
8500.0,COAST_W,24.0,507.785
8500.0,COAST_W,36.0,631.876
8500.0,COAST_W,48.0,758.762
8500.0,COAST_W,72.0,873.496
8500.0,COAST_W,96.0,903.524
8500.0,COAST_W,120.0,936.798
9000.0,COAST_S,24.0,943.512
9000.0,COAST_S,36.0,1106.9
9000.0,COAST_S,48.0,1260.813
9000.0,COAST_S,72.0,1535.407
9000.0,COAST_S,96.0,1749.29
9000.0,COAST_S,120.0,1834.502
9000.0,SWWA_W,24.0,347.674
9000.0,SWWA_W,36.0,423.119
9000.0,SWWA_W,48.0,462.459
9000.0,SWWA_W,72.0,510.787
9000.0,SWWA_W,96.0,549.97
9000.0,INLAND_S,24.0,708.394
9000.0,INLAND_S,36.0,787.837
9000.0,INLAND_S,48.0,860.96
9000.0,INLAND_S,72.0,989.655
9000.0,INLAND_S,96.0,1087.75
9000.0,COAST_W,24.0,501.841
9000.0,COAST_W,36.0,624.244
9000.0,COAST_W,48.0,748.896
9000.0,COAST_W,72.0,865.532
9000.0,COAST_W,96.0,895.871
9000.0,COAST_W,120.0,929.458
9500.0,COAST_S,24.0,933.178
9500.0,COAST_S,36.0,1094.799
9500.0,COAST_S,48.0,1247.027
9500.0,COAST_S,72.0,1520.47
9500.0,COAST_S,96.0,1732.55
9500.0,COAST_S,120.0,1813.79
9500.0,SWWA_W,24.0,342.926
9500.0,SWWA_W,36.0,417.121
9500.0,SWWA_W,48.0,456.218
9500.0,SWWA_W,72.0,504.305
9500.0,SWWA_W,96.0,543.567
9500.0,INLAND_S,24.0,703.036
9500.0,INLAND_S,36.0,781.868
9500.0,INLAND_S,48.0,854.341
9500.0,INLAND_S,72.0,981.577
9500.0,INLAND_S,96.0,1079.143
9500.0,COAST_W,24.0,496.179
9500.0,COAST_W,36.0,616.983
9500.0,COAST_W,48.0,740.425
9500.0,COAST_W,72.0,856.914
9500.0,COAST_W,96.0,888.569
9500.0,COAST_W,120.0,922.475
10000.0,COAST_S,24.0,918.0
10000.0,COAST_S,36.0,1083.0
10000.0,COAST_S,48.0,1237.0
10000.0,COAST_S,72.0,1508.0
10000.0,COAST_S,96.0,1716.0
10000.0,COAST_S,120.0,1800.0
10000.0,SWWA_W,24.0,338.0
10000.0,SWWA_W,36.0,412.0
10000.0,SWWA_W,48.0,450.0
10000.0,SWWA_W,72.0,498.0
10000.0,SWWA_W,96.0,536.0
10000.0,INLAND_S,24.0,698.0
10000.0,INLAND_S,36.0,775.0
10000.0,INLAND_S,48.0,847.0
10000.0,INLAND_S,72.0,973.0
10000.0,INLAND_S,96.0,1070.0
10000.0,COAST_W,24.0,490.0
10000.0,COAST_W,36.0,610.0
10000.0,COAST_W,48.0,730.0
10000.0,COAST_W,72.0,848.0
10000.0,COAST_W,96.0,882.0
10000.0,COAST_W,120.0,915.0
15000.0,COAST_S,24.0,832.951
15000.0,COAST_S,36.0,991.625
15000.0,COAST_S,48.0,1135.717
15000.0,COAST_S,72.0,1399.461
15000.0,COAST_S,96.0,1586.882
15000.0,COAST_S,120.0,1648.434
15000.0,SWWA_W,24.0,302.971
15000.0,SWWA_W,36.0,368.429
15000.0,SWWA_W,48.0,405.085
15000.0,SWWA_W,72.0,450.676
15000.0,SWWA_W,96.0,487.597
15000.0,INLAND_S,24.0,654.188
15000.0,INLAND_S,36.0,728.735
15000.0,INLAND_S,48.0,797.55
15000.0,INLAND_S,72.0,915.636
15000.0,INLAND_S,96.0,1005.561
15000.0,COAST_W,24.0,444.645
15000.0,COAST_W,36.0,552.134
15000.0,COAST_W,48.0,665.131
15000.0,COAST_W,72.0,785.453
15000.0,COAST_W,96.0,823.599
15000.0,COAST_W,120.0,861.064
20000.0,COAST_S,24.0,768.0
20000.0,COAST_S,36.0,922.0
20000.0,COAST_S,48.0,1064.0
20000.0,COAST_S,72.0,1317.0
20000.0,COAST_S,96.0,1490.0
20000.0,COAST_S,120.0,1540.0
20000.0,SWWA_W,24.0,280.0
20000.0,SWWA_W,36.0,340.0
20000.0,SWWA_W,48.0,374.0
20000.0,SWWA_W,72.0,418.0
20000.0,SWWA_W,96.0,453.0
20000.0,INLAND_S,24.0,624.0
20000.0,INLAND_S,36.0,695.0
20000.0,INLAND_S,48.0,760.0
20000.0,INLAND_S,72.0,872.0
20000.0,INLAND_S,96.0,960.0
20000.0,COAST_W,24.0,410.0
20000.0,COAST_W,36.0,510.0
20000.0,COAST_W,48.0,618.0
20000.0,COAST_W,72.0,740.0
20000.0,COAST_W,96.0,781.0
20000.0,COAST_W,120.0,822.0
25000.0,COAST_S,24.0,717.5
25000.0,COAST_S,36.0,868.478
25000.0,COAST_S,48.0,1008.795
25000.0,COAST_S,72.0,1257.841
25000.0,COAST_S,96.0,1415.561
25000.0,COAST_S,120.0,1463.348
25000.0,SWWA_W,24.0,259.223
25000.0,SWWA_W,36.0,316.176
25000.0,SWWA_W,48.0,348.846
25000.0,SWWA_W,72.0,391.989
25000.0,SWWA_W,96.0,425.047
25000.0,INLAND_S,24.0,601.068
25000.0,INLAND_S,36.0,669.254
25000.0,INLAND_S,48.0,728.938
25000.0,INLAND_S,72.0,837.921
25000.0,INLAND_S,96.0,923.135
25000.0,COAST_W,24.0,385.031
25000.0,COAST_W,36.0,478.809
25000.0,COAST_W,48.0,580.357
25000.0,COAST_W,72.0,704.065
25000.0,COAST_W,96.0,748.85
25000.0,COAST_W,120.0,792.105
30000.0,COAST_S,24.0,677.356
30000.0,COAST_S,36.0,824.609
30000.0,COAST_S,48.0,961.451
30000.0,COAST_S,72.0,1204.475
30000.0,COAST_S,96.0,1352.359
30000.0,COAST_S,120.0,1395.245
30000.0,SWWA_W,24.0,243.934
30000.0,SWWA_W,36.0,298.145
30000.0,SWWA_W,48.0,329.502
30000.0,SWWA_W,72.0,371.209
30000.0,SWWA_W,96.0,402.946
30000.0,INLAND_S,24.0,580.857
30000.0,INLAND_S,36.0,646.623
30000.0,INLAND_S,48.0,703.4
30000.0,INLAND_S,72.0,810.242
30000.0,INLAND_S,96.0,892.361
30000.0,COAST_W,24.0,362.489
30000.0,COAST_W,36.0,452.845
30000.0,COAST_W,48.0,550.008
30000.0,COAST_W,72.0,673.713
30000.0,COAST_W,96.0,720.899
30000.0,COAST_W,120.0,766.621
35000.0,COAST_S,24.0,644.413
35000.0,COAST_S,36.0,787.891
35000.0,COAST_S,48.0,921.122
35000.0,COAST_S,72.0,1157.892
35000.0,COAST_S,96.0,1298.056
35000.0,COAST_S,120.0,1337.417
35000.0,SWWA_W,24.0,231.138
35000.0,SWWA_W,36.0,282.407
35000.0,SWWA_W,48.0,313.681
35000.0,SWWA_W,72.0,354.468
35000.0,SWWA_W,96.0,384.301
35000.0,INLAND_S,24.0,563.582
35000.0,INLAND_S,36.0,626.24
35000.0,INLAND_S,48.0,681.981
35000.0,INLAND_S,72.0,786.14
35000.0,INLAND_S,96.0,866.051
35000.0,COAST_W,24.0,342.86
35000.0,COAST_W,36.0,429.699
35000.0,COAST_W,48.0,523.475
35000.0,COAST_W,72.0,647.582
35000.0,COAST_W,96.0,696.921
35000.0,COAST_W,120.0,745.852
40000.0,COAST_S,24.0,618.0
40000.0,COAST_S,36.0,758.0
40000.0,COAST_S,48.0,887.0
40000.0,COAST_S,72.0,1117.0
40000.0,COAST_S,96.0,1250.0
40000.0,COAST_S,120.0,1290.0
40000.0,SWWA_W,24.0,220.0
40000.0,SWWA_W,36.0,269.0
40000.0,SWWA_W,48.0,300.0
40000.0,SWWA_W,72.0,340.0
40000.0,SWWA_W,96.0,370.0
40000.0,INLAND_S,24.0,550.0
40000.0,INLAND_S,36.0,610.0
40000.0,INLAND_S,48.0,661.0
40000.0,INLAND_S,72.0,765.0
40000.0,INLAND_S,96.0,843.0
40000.0,COAST_W,24.0,326.0
40000.0,COAST_W,36.0,410.0
40000.0,COAST_W,48.0,502.0
40000.0,COAST_W,72.0,625.0
40000.0,COAST_W,96.0,677.0
40000.0,COAST_W,120.0,728.0
45000.0,COAST_S,24.0,593.268
45000.0,COAST_S,36.0,729.094
45000.0,COAST_S,48.0,854.858
45000.0,COAST_S,72.0,1078.689
45000.0,COAST_S,96.0,1207.686
45000.0,COAST_S,120.0,1242.719
45000.0,SWWA_W,24.0,210.495
45000.0,SWWA_W,36.0,257.887
45000.0,SWWA_W,48.0,288.107
45000.0,SWWA_W,72.0,327.473
45000.0,SWWA_W,96.0,354.447
45000.0,INLAND_S,24.0,535.069
45000.0,INLAND_S,36.0,594.182
45000.0,INLAND_S,48.0,646.624
45000.0,INLAND_S,72.0,744.886
45000.0,INLAND_S,96.0,822.561
45000.0,COAST_W,24.0,309.695
45000.0,COAST_W,36.0,391.231
45000.0,COAST_W,48.0,480.234
45000.0,COAST_W,72.0,605.128
45000.0,COAST_W,96.0,657.139
45000.0,COAST_W,120.0,709.833
50000.0,COAST_S,24.0,572.906
50000.0,COAST_S,36.0,704.899
50000.0,COAST_S,48.0,826.894
50000.0,COAST_S,72.0,1044.179
50000.0,COAST_S,96.0,1169.044
50000.0,COAST_S,120.0,1202.84
50000.0,SWWA_W,24.0,201.904
50000.0,SWWA_W,36.0,248.069
50000.0,SWWA_W,48.0,277.851
50000.0,SWWA_W,72.0,316.642
50000.0,SWWA_W,96.0,342.247
50000.0,INLAND_S,24.0,522.985
50000.0,INLAND_S,36.0,580.579
50000.0,INLAND_S,48.0,631.651
50000.0,INLAND_S,72.0,727.576
50000.0,INLAND_S,96.0,804.103
50000.0,COAST_W,24.0,295.354
50000.0,COAST_W,36.0,374.815
50000.0,COAST_W,48.0,462.104
50000.0,COAST_W,72.0,586.61
50000.0,COAST_W,96.0,640.189
50000.0,COAST_W,120.0,693.486
55000.0,COAST_S,24.0,555.065
55000.0,COAST_S,36.0,683.249
55000.0,COAST_S,48.0,801.497
55000.0,COAST_S,72.0,1012.263
55000.0,COAST_S,96.0,1135.653
55000.0,COAST_S,120.0,1166.643
55000.0,SWWA_W,24.0,194.157
55000.0,SWWA_W,36.0,239.261
55000.0,SWWA_W,48.0,268.699
55000.0,SWWA_W,72.0,306.969
55000.0,SWWA_W,96.0,331.3
55000.0,INLAND_S,24.0,511.983
55000.0,INLAND_S,36.0,568.191
55000.0,INLAND_S,48.0,618.034
55000.0,INLAND_S,72.0,711.81
55000.0,INLAND_S,96.0,787.293
55000.0,COAST_W,24.0,282.161
55000.0,COAST_W,36.0,359.811
55000.0,COAST_W,48.0,445.684
55000.0,COAST_W,72.0,569.707
55000.0,COAST_W,96.0,624.702
55000.0,COAST_W,120.0,679.445
60000.0,COAST_S,24.0,540.0
60000.0,COAST_S,36.0,665.0
60000.0,COAST_S,48.0,780.0
60000.0,COAST_S,72.0,985.0
60000.0,COAST_S,96.0,1105.0
60000.0,COAST_S,120.0,1132.0
60000.0,SWWA_W,24.0,187.0
60000.0,SWWA_W,36.0,230.0
60000.0,SWWA_W,48.0,260.0
60000.0,SWWA_W,72.0,298.0
60000.0,SWWA_W,96.0,321.0
60000.0,INLAND_S,24.0,502.0
60000.0,INLAND_S,36.0,557.0
60000.0,INLAND_S,48.0,606.0
60000.0,INLAND_S,72.0,698.0
60000.0,INLAND_S,96.0,773.0
60000.0,COAST_W,24.0,270.0
60000.0,COAST_W,36.0,348.0
60000.0,COAST_W,48.0,430.0
60000.0,COAST_W,72.0,555.0
60000.0,COAST_W,96.0,610.0
60000.0,COAST_W,120.0,665.0
65000.0,COAST_S,24.0,525.09
65000.0,COAST_S,36.0,645.793
65000.0,COAST_S,48.0,756.722
65000.0,COAST_S,72.0,954.691
65000.0,COAST_S,96.0,1070.488
65000.0,COAST_S,120.0,1102.802
65000.0,SWWA_W,24.0,180.613
65000.0,SWWA_W,36.0,223.964
65000.0,SWWA_W,48.0,252.931
65000.0,SWWA_W,72.0,290.256
65000.0,SWWA_W,96.0,312.29
65000.0,INLAND_S,24.0,492.521
65000.0,INLAND_S,36.0,546.284
65000.0,INLAND_S,48.0,594.691
65000.0,INLAND_S,72.0,683.93
65000.0,INLAND_S,96.0,757.571
65000.0,COAST_W,24.0,258.54
65000.0,COAST_W,36.0,333.146
65000.0,COAST_W,48.0,415.785
65000.0,COAST_W,72.0,539.725
65000.0,COAST_W,96.0,597.158
65000.0,COAST_W,120.0,654.387
70000.0,COAST_S,24.0,512.284
70000.0,COAST_S,36.0,629.341
70000.0,COAST_S,48.0,736.733
70000.0,COAST_S,72.0,928.485
70000.0,COAST_S,96.0,1041.944
70000.0,COAST_S,120.0,1074.261
70000.0,SWWA_W,24.0,174.611
70000.0,SWWA_W,36.0,217.228
70000.0,SWWA_W,48.0,246.042
70000.0,SWWA_W,72.0,282.918
70000.0,SWWA_W,96.0,303.916
70000.0,INLAND_S,24.0,483.807
70000.0,INLAND_S,36.0,536.484
70000.0,INLAND_S,48.0,584.25
70000.0,INLAND_S,72.0,671.463
70000.0,INLAND_S,96.0,744.285
70000.0,COAST_W,24.0,247.867
70000.0,COAST_W,36.0,321.162
70000.0,COAST_W,48.0,402.879
70000.0,COAST_W,72.0,526.271
70000.0,COAST_W,96.0,584.752
70000.0,COAST_W,120.0,643.049
75000.0,COAST_S,24.0,500.601
75000.0,COAST_S,36.0,614.086
75000.0,COAST_S,48.0,718.041
75000.0,COAST_S,72.0,903.726
75000.0,COAST_S,96.0,1015.044
75000.0,COAST_S,120.0,1047.53
75000.0,SWWA_W,24.0,169.025
75000.0,SWWA_W,36.0,210.982
75000.0,SWWA_W,48.0,239.684
75000.0,SWWA_W,72.0,276.116
75000.0,SWWA_W,96.0,296.142
75000.0,INLAND_S,24.0,475.644
75000.0,INLAND_S,36.0,527.312
75000.0,INLAND_S,48.0,574.205
75000.0,INLAND_S,72.0,659.8
75000.0,INLAND_S,96.0,731.863
75000.0,COAST_W,24.0,237.828
75000.0,COAST_W,36.0,309.919
75000.0,COAST_W,48.0,390.792
75000.0,COAST_W,72.0,513.656
75000.0,COAST_W,96.0,573.085
75000.0,COAST_W,120.0,632.348
80000.0,COAST_S,24.0,489.853
80000.0,COAST_S,36.0,599.846
80000.0,COAST_S,48.0,700.474
80000.0,COAST_S,72.0,880.257
80000.0,COAST_S,96.0,989.568
80000.0,COAST_S,120.0,1022.355
80000.0,SWWA_W,24.0,163.798
80000.0,SWWA_W,36.0,205.159
80000.0,SWWA_W,48.0,233.784
80000.0,SWWA_W,72.0,269.77
80000.0,SWWA_W,96.0,288.884
80000.0,INLAND_S,24.0,467.96
80000.0,INLAND_S,36.0,518.689
80000.0,INLAND_S,48.0,565.266
80000.0,INLAND_S,72.0,648.84
80000.0,INLAND_S,96.0,720.199
80000.0,COAST_W,24.0,228.352
80000.0,COAST_W,36.0,299.324
80000.0,COAST_W,48.0,379.404
80000.0,COAST_W,72.0,501.772
80000.0,COAST_W,96.0,562.058
80000.0,COAST_W,120.0,622.195
85000.0,COAST_S,24.0,479.887
85000.0,COAST_S,36.0,586.473
85000.0,COAST_S,48.0,683.892
85000.0,COAST_S,72.0,857.947
85000.0,COAST_S,96.0,965.339
85000.0,COAST_S,120.0,998.533
85000.0,SWWA_W,24.0,158.885
85000.0,SWWA_W,36.0,199.706
85000.0,SWWA_W,48.0,228.281
85000.0,SWWA_W,72.0,263.814
85000.0,SWWA_W,96.0,282.071
85000.0,INLAND_S,24.0,460.697
85000.0,INLAND_S,36.0,510.548
85000.0,INLAND_S,48.0,555.859
85000.0,INLAND_S,72.0,638.499
85000.0,INLAND_S,96.0,709.204
85000.0,COAST_W,24.0,219.38
85000.0,COAST_W,36.0,289.305
85000.0,COAST_W,48.0,368.617
85000.0,COAST_W,72.0,490.53
85000.0,COAST_W,96.0,551.59
85000.0,COAST_W,120.0,612.517
90000.0,COAST_S,24.0,470.578
90000.0,COAST_S,36.0,573.845
90000.0,COAST_S,48.0,668.176
90000.0,COAST_S,72.0,836.689
90000.0,COAST_S,96.0,942.209
90000.0,COAST_S,120.0,975.892
90000.0,SWWA_W,24.0,154.249
90000.0,SWWA_W,36.0,194.58
90000.0,SWWA_W,48.0,223.129
90000.0,SWWA_W,72.0,258.197
90000.0,SWWA_W,96.0,275.647
90000.0,INLAND_S,24.0,453.805
90000.0,INLAND_S,36.0,502.834
90000.0,INLAND_S,48.0,547.122
90000.0,INLAND_S,72.0,628.708
90000.0,INLAND_S,96.0,698.807
90000.0,COAST_W,24.0,210.862
90000.0,COAST_W,36.0,279.797
90000.0,COAST_W,48.0,358.351
90000.0,COAST_W,72.0,479.856
90000.0,COAST_W,96.0,541.615
90000.0,COAST_W,120.0,603.254
95000.0,COAST_S,24.0,461.82
95000.0,COAST_S,36.0,561.861
95000.0,COAST_S,48.0,653.23
95000.0,COAST_S,72.0,816.39
95000.0,COAST_S,96.0,920.054
95000.0,COAST_S,120.0,954.29
95000.0,SWWA_W,24.0,149.86
95000.0,SWWA_W,36.0,189.745
95000.0,SWWA_W,48.0,218.285
95000.0,SWWA_W,72.0,252.875
95000.0,SWWA_W,96.0,269.566
95000.0,INLAND_S,24.0,447.243
95000.0,INLAND_S,36.0,495.502
95000.0,INLAND_S,48.0,538.902
95000.0,INLAND_S,72.0,619.406
95000.0,INLAND_S,96.0,688.947
95000.0,COAST_W,24.0,202.756
95000.0,COAST_W,36.0,270.751
95000.0,COAST_W,48.0,348.541
95000.0,COAST_W,72.0,469.688
95000.0,COAST_W,96.0,532.075
95000.0,COAST_W,120.0,594.356
100000.0,COAST_S,24.0,452.0
100000.0,COAST_S,36.0,548.0
100000.0,COAST_S,48.0,637.0
100000.0,COAST_S,72.0,795.0
100000.0,COAST_S,96.0,895.0
100000.0,COAST_S,120.0,935.0
100000.0,SWWA_W,24.0,145.0
100000.0,SWWA_W,36.0,185.0
100000.0,SWWA_W,48.0,213.0
100000.0,SWWA_W,72.0,247.0
100000.0,SWWA_W,96.0,262.0
100000.0,INLAND_S,24.0,440.0
100000.0,INLAND_S,36.0,488.0
100000.0,INLAND_S,48.0,532.0
100000.0,INLAND_S,72.0,610.0
100000.0,INLAND_S,96.0,679.0
100000.0,COAST_W,24.0,195.0
100000.0,COAST_W,36.0,260.0
100000.0,COAST_W,48.0,337.0
100000.0,COAST_W,72.0,460.0
100000.0,COAST_W,96.0,523.0
100000.0,COAST_W,120.0,586.0
110000.0,COAST_S,24.0,438.063
110000.0,COAST_S,36.0,528.982
110000.0,COAST_S,48.0,612.237
110000.0,COAST_S,72.0,760.507
110000.0,COAST_S,96.0,858.457
110000.0,COAST_S,120.0,894.613
110000.0,SWWA_W,24.0,137.938
110000.0,SWWA_W,36.0,176.708
110000.0,SWWA_W,48.0,205.3
110000.0,SWWA_W,72.0,238.349
110000.0,SWWA_W,96.0,253.004
110000.0,INLAND_S,24.0,429.215
110000.0,INLAND_S,36.0,475.429
110000.0,INLAND_S,48.0,516.442
110000.0,INLAND_S,72.0,593.976
110000.0,INLAND_S,96.0,662.099
110000.0,COAST_W,24.0,180.568
110000.0,COAST_W,36.0,245.96
110000.0,COAST_W,48.0,321.317
110000.0,COAST_W,72.0,441.724
110000.0,COAST_W,96.0,505.628
110000.0,COAST_W,120.0,569.467
120000.0,COAST_S,24.0,423.719
120000.0,COAST_S,36.0,509.026
120000.0,COAST_S,48.0,587.521
120000.0,COAST_S,72.0,726.847
120000.0,COAST_S,96.0,820.7
120000.0,COAST_S,120.0,858.251
120000.0,SWWA_W,24.0,130.846
120000.0,SWWA_W,36.0,169.032
120000.0,SWWA_W,48.0,197.695
120000.0,SWWA_W,72.0,229.614
120000.0,SWWA_W,96.0,243.089
120000.0,INLAND_S,24.0,418.33
120000.0,INLAND_S,36.0,463.368
120000.0,INLAND_S,48.0,503.232
120000.0,INLAND_S,72.0,578.722
120000.0,INLAND_S,96.0,646.101
120000.0,COAST_W,24.0,167.285
120000.0,COAST_W,36.0,231.071
120000.0,COAST_W,48.0,304.614
120000.0,COAST_W,72.0,424.816
120000.0,COAST_W,96.0,489.467
120000.0,COAST_W,120.0,554.082
130000.0,COAST_S,24.0,410.161
130000.0,COAST_S,36.0,490.227
130000.0,COAST_S,48.0,564.476
130000.0,COAST_S,72.0,695.639
130000.0,COAST_S,96.0,785.058
130000.0,COAST_S,120.0,824.034
130000.0,SWWA_W,24.0,124.312
130000.0,SWWA_W,36.0,162.022
130000.0,SWWA_W,48.0,190.767
130000.0,SWWA_W,72.0,221.468
130000.0,SWWA_W,96.0,233.881
130000.0,INLAND_S,24.0,408.174
130000.0,INLAND_S,36.0,452.163
130000.0,INLAND_S,48.0,490.943
130000.0,INLAND_S,72.0,564.568
130000.0,INLAND_S,96.0,631.355
130000.0,COAST_W,24.0,155.016
130000.0,COAST_W,36.0,217.265
130000.0,COAST_W,48.0,288.795
130000.0,COAST_W,72.0,409.024
130000.0,COAST_W,96.0,474.242
130000.0,COAST_W,120.0,539.455
140000.0,COAST_S,24.0,397.139
140000.0,COAST_S,36.0,472.329
140000.0,COAST_S,48.0,542.837
140000.0,COAST_S,72.0,666.602
140000.0,COAST_S,96.0,751.192
140000.0,COAST_S,120.0,791.585
140000.0,SWWA_W,24.0,118.255
140000.0,SWWA_W,36.0,155.586
140000.0,SWWA_W,48.0,184.415
140000.0,SWWA_W,72.0,213.805
140000.0,SWWA_W,96.0,225.261
140000.0,INLAND_S,24.0,398.636
140000.0,INLAND_S,36.0,441.686
140000.0,INLAND_S,48.0,479.43
140000.0,INLAND_S,72.0,551.349
140000.0,INLAND_S,96.0,617.687
140000.0,COAST_W,24.0,143.632
140000.0,COAST_W,36.0,204.393
140000.0,COAST_W,48.0,273.69
140000.0,COAST_W,72.0,394.173
140000.0,COAST_W,96.0,459.801
140000.0,COAST_W,120.0,525.457
150000.0,COAST_S,24.0,385.0
150000.0,COAST_S,36.0,456.0
150000.0,COAST_S,48.0,523.0
150000.0,COAST_S,72.0,640.0
150000.0,COAST_S,96.0,720.0
150000.0,COAST_S,120.0,760.0
150000.0,SWWA_W,24.0,113.0
150000.0,SWWA_W,36.0,150.0
150000.0,SWWA_W,48.0,179.0
150000.0,SWWA_W,72.0,207.0
150000.0,SWWA_W,96.0,218.0
150000.0,INLAND_S,24.0,390.0
150000.0,INLAND_S,36.0,432.0
150000.0,INLAND_S,48.0,468.0
150000.0,INLAND_S,72.0,539.0
150000.0,INLAND_S,96.0,605.0
150000.0,COAST_W,24.0,133.0
150000.0,COAST_W,36.0,193.0
150000.0,COAST_W,48.0,260.0
150000.0,COAST_W,72.0,380.0
150000.0,COAST_W,96.0,446.0
150000.0,COAST_W,120.0,512.0
