duration,terrain,area,rainfall
0.25,S,1e-05,250.0
0.25,S,1.0,245.30685920577616
0.25,S,2.0,236.03548162703672
0.25,S,3.0,230.0106627671404
0.25,S,4.0,225.84035298836744
0.25,S,5.0,222.59612992327885
0.25,S,6.0,219.8163126797226
0.25,S,7.0,217.49934415519573
0.25,S,8.0,215.18393273317187
0.25,S,9.0,213.33098075455158
0.25,S,10.0,211.47880732718278
0.25,S,20.0,200.3614847310867
0.25,S,30.0,192.95395884848887
0.25,S,40.0,186.93770405235927
0.25,S,50.0,182.7712870298439
0.25,S,60.0,179.06888655323513
0.25,S,70.0,175.36804317912942
0.25,S,80.0,172.5913401405793
0.25,S,90.0,169.81619420453217
0.25,S,100.0,167.04065899285933
0.25,S,200.0,149.4656430410212
0.25,S,300.0,138.82868656711366
0.25,S,400.0,131.42894619703102
0.25,S,500.0,124.95607109188428
0.25,S,600.0,119.86940649007093
0.25,S,700.0,114.78507754201215
0.25,S,800.0,110.62488892950896
0.25,S,900.0,106.46508959263151
0.25,S,1000.0,102.76774969915765
0.5,S,1e-05,360.0
0.5,S,1.0,350.4813477737665
0.5,S,2.0,340.28699768634874
0.5,S,3.0,334.26256810207826
0.5,S,4.0,329.63057743115326
0.5,S,5.0,325.4641604086379
0.5,S,6.0,322.22305154855536
0.5,S,7.0,318.9834997909759
0.5,S,8.0,316.66808836895206
0.5,S,9.0,314.35384477380546
0.5,S,10.0,312.04037972991046
0.5,S,20.0,295.38755773549906
0.5,S,30.0,284.289698920691
0.5,S,40.0,275.96698604193006
0.5,S,50.0,269.0328193202571
0.5,S,60.0,263.02396076101695
0.5,S,70.0,258.40053415385864
0.5,S,80.0,253.77866464920342
0.5,S,90.0,249.61925458795176
0.5,S,100.0,245.4606230779516
0.5,S,200.0,220.04326036954103
0.5,S,300.0,204.3320961138445
0.5,S,400.0,192.7807311950254
0.5,S,500.0,184.46268962377357
0.5,S,600.0,176.1469837062763
0.5,S,700.0,169.21709901648666
0.5,S,800.0,163.67303555440466
0.5,S,900.0,158.59104226010044
0.5,S,1000.0,153.971119133574
0.75,S,1e-05,460.0
0.75,S,1.0,440.4332129963899
0.75,S,2.0,429.7775712924458
0.75,S,3.0,422.83055847512276
0.75,S,4.0,417.73727618767145
0.75,S,5.0,412.64827593210356
0.75,S,6.0,408.9458754554948
0.75,S,7.0,405.24503208138907
0.75,S,8.0,402.46832904283895
0.75,S,9.0,399.2315022146398
0.75,S,10.0,396.91803717074475
0.75,S,20.0,376.1135906275969
0.75,S,30.0,361.786690497105
0.75,S,40.0,350.6962279191864
0.75,S,50.0,341.455603114882
0.75,S,60.0,333.60157808953676
0.75,S,70.0,326.67169339974714
0.75,S,80.0,321.12724066203936
0.75,S,90.0,315.5839557512089
0.75,S,100.0,311.4253242412087
0.75,S,200.0,280.0111705179566
0.75,S,300.0,261.07096494657617
0.75,S,400.0,246.7518503285994
0.75,S,500.0,235.66605905818994
0.75,S,600.0,225.96647829111384
0.75,S,700.0,218.57608053604946
0.75,S,800.0,211.18607205661084
0.75,S,900.0,205.18149552925405
0.75,S,1000.0,199.17769755314882
1.0,S,1e-05,570.0
1.0,S,1.0,510.08824709185717
1.0,S,2.0,498.5100221548606
1.0,S,3.0,490.640426104485
1.0,S,4.0,485.0858522005074
1.0,S,5.0,479.9968519449395
1.0,S,6.0,476.29445146833075
1.0,S,7.0,472.13231647769874
1.0,S,8.0,468.433030206096
1.0,S,9.0,465.6574949944232
1.0,S,10.0,462.8827383340019
1.0,S,20.0,442.53958340738035
1.0,S,30.0,427.75139166036206
1.0,S,40.0,417.1222206989698
1.0,S,50.0,408.3428875111917
1.0,S,60.0,400.9501541023727
1.0,S,70.0,393.5589777960568
1.0,S,80.0,388.014525058349
1.0,S,90.0,382.00994853099223
1.0,S,100.0,377.39002540446586
1.0,S,200.0,340.90166389942476
1.0,S,300.0,316.88725054625525
1.0,S,400.0,299.33909461259464
1.0,S,500.0,284.5629704099749
1.0,S,600.0,273.01822317679375
1.0,S,700.0,261.9371032138934
1.0,S,800.0,253.624900777028
1.0,S,900.0,245.77476850794037
1.0,S,1000.0,238.84877657440833
1.5,S,1e-05,640.0
1.5,S,1.0,580.2045728038507
1.5,S,2.0,568.6263478668542
1.5,S,3.0,560.2954601999522
1.5,S,4.0,552.8957198298697
1.5,S,5.0,547.8067195743017
1.5,S,6.0,542.7204442481141
1.5,S,7.0,538.5583092574822
1.5,S,8.0,534.3977313693531
1.5,S,9.0,531.6221961576803
1.5,S,10.0,527.9248562642065
1.5,S,20.0,505.7365348714798
1.5,S,30.0,490.025759891409
1.5,S,40.0,477.09013084738535
1.5,S,50.0,467.38821442655467
1.5,S,60.0,457.6890229351044
1.5,S,70.0,449.37526339573594
1.5,S,80.0,441.52435257539673
1.5,S,90.0,435.0584844315137
1.5,S,100.0,429.05468645540844
1.5,S,200.0,387.95340878510467
1.5,S,300.0,363.0164121988826
1.5,S,400.0,345.00657537306995
1.5,S,500.0,330.6921320626023
1.5,S,600.0,317.7635099798423
1.5,S,700.0,306.22109840041566
1.5,S,800.0,297.447604347024
1.5,S,900.0,289.13656973703587
1.5,S,1000.0,282.210188527878
2.0,S,1e-05,710.0
2.0,S,1.0,647.5531488166868
2.0,S,2.0,634.5910490301113
2.0,S,3.0,625.3375781301568
2.0,S,4.0,618.3991293766005
2.0,S,5.0,612.8488375045063
2.0,S,6.0,607.7625621783187
2.0,S,7.0,603.1391355711605
2.0,S,8.0,599.4398492995577
2.0,S,9.0,595.7417308548323
2.0,S,10.0,592.0443909613584
2.0,S,20.0,566.6270282529479
2.0,S,30.0,549.5323784232983
2.0,S,40.0,536.1354577627484
2.0,S,50.0,525.0496664923389
2.0,S,60.0,515.8117666174148
2.0,S,70.0,506.57542384499385
2.0,S,80.0,499.64709625770723
2.0,S,90.0,492.7199364972979
2.0,S,100.0,485.7935552881401
2.0,S,200.0,441.0019446856261
2.0,S,300.0,412.83590678372013
2.0,S,400.0,392.05870953437557
2.0,S,500.0,375.8987104821771
2.0,S,600.0,362.04750516636454
2.0,S,700.0,349.58251035388537
2.0,S,800.0,338.9638498343886
2.0,S,900.0,330.19152360787416
2.0,S,1000.0,321.41997593261135
2.5,S,1e-05,760.0
2.5,S,1.0,689.9919775371038
2.5,S,2.0,676.1072945174759
2.5,S,3.0,666.3925320009952
2.5,S,4.0,658.9927916309126
2.5,S,5.0,652.5199165257658
2.5,S,6.0,646.9723495830519
2.5,S,7.0,642.3489229758937
2.5,S,8.0,638.1883450877647
2.5,S,9.0,633.5676434099868
2.5,S,10.0,629.8703035165129
2.5,S,20.0,603.0690659585235
2.5,S,30.0,585.5131245123476
2.5,S,40.0,571.6549122352715
2.5,S,50.0,560.5691209648619
2.5,S,60.0,550.4086378568854
2.5,S,70.0,542.5561699340432
2.5,S,80.0,534.2439674971777
2.5,S,90.0,527.3168077367684
2.5,S,100.0,520.8517181441368
2.5,S,200.0,475.5988159250966
2.5,S,300.0,447.4327780231906
2.5,S,400.0,427.1168723903724
2.5,S,500.0,411.87945657122646
2.5,S,600.0,398.4895428719402
2.5,S,700.0,387.4084229090398
2.5,S,800.0,377.2510540060693
2.5,S,900.0,368.0174361630286
2.5,S,1000.0,360.1684717208183
3.0,S,1e-05,810.0
3.0,S,1.0,727.356598475732
3.0,S,2.0,712.0880406065253
3.0,S,3.0,701.450694856992
3.0,S,4.0,693.1283712538568
3.0,S,5.0,686.6554961487101
3.0,S,6.0,680.1853459729437
3.0,S,7.0,675.5619193657855
3.0,S,8.0,670.0174666280776
3.0,S,9.0,666.3193481833522
3.0,S,10.0,661.6994250568258
3.0,S,20.0,632.591729416205
3.0,S,30.0,614.1132047369766
3.0,S,40.0,600.2546031842746
3.0,S,50.0,589.6304928060172
3.0,S,60.0,580.3925929310932
3.0,S,70.0,572.5401250082509
3.0,S,80.0,565.1505058044381
3.0,S,90.0,558.2233460440287
3.0,S,100.0,552.6808396844498
3.0,S,200.0,510.65658950546765
3.0,S,300.0,484.7973989618188
3.0,S,400.0,465.8653681785794
3.0,S,500.0,450.6275630838077
3.0,S,600.0,438.1606218931997
3.0,S,700.0,427.5407935468256
3.0,S,800.0,418.30600787690764
3.0,S,900.0,409.53368165039325
3.0,S,1000.0,402.14600882470916
4.0,S,1e-05,900.0
4.0,S,1.0,793.3212996389892
4.0,S,2.0,778.5140333863086
4.0,S,3.0,766.9541044037229
4.0,S,4.0,758.6317808005876
4.0,S,5.0,752.1589056954409
4.0,S,6.0,746.1500471362008
4.0,S,7.0,741.0653289125162
4.0,S,8.0,736.443459407861
4.0,S,9.0,732.7453409631356
4.0,S,10.0,729.0480010696618
4.0,S,20.0,701.785471895146
4.0,S,30.0,684.2295304489702
4.0,S,40.0,669.4487349388414
4.0,S,50.0,657.4403604353794
4.0,S,60.0,647.7411689439291
4.0,S,70.0,638.5048261715081
4.0,S,80.0,631.1152069676951
4.0,S,90.0,624.1880472072859
4.0,S,100.0,617.2616659981281
4.0,S,200.0,573.8539302451929
4.0,S,300.0,546.1491839598132
4.0,S,400.0,525.8332783269949
4.0,S,500.0,509.2119876582702
4.0,S,600.0,494.89949072593134
4.0,S,700.0,483.35707914650476
4.0,S,800.0,472.73841862700795
4.0,S,900.0,463.50480078396726
4.0,S,1000.0,455.1945447252306
5.0,S,1e-05,960.0
5.0,S,1.0,856.5182511030887
5.0,S,2.0,839.865818384303
5.0,S,3.0,828.3058894017173
5.0,S,4.0,818.5996909490032
5.0,S,5.0,810.2816493777515
5.0,S,6.0,804.2727908185112
5.0,S,7.0,798.7267809783004
5.0,S,8.0,793.6436198571189
5.0,S,9.0,788.5616265628147
5.0,S,10.0,784.4029950528146
5.0,S,20.0,755.75659102872
5.0,S,30.0,736.8167747329654
5.0,S,40.0,722.0355899472108
5.0,S,50.0,710.0276047193746
5.0,S,60.0,699.8671216113979
5.0,S,70.0,690.630778838977
5.0,S,80.0,681.8572847855853
5.0,S,90.0,674.4688334086496
5.0,S,100.0,667.5424521994919
5.0,S,200.0,619.0605086647677
5.0,S,300.0,589.5105959132829
5.0,S,400.0,568.2721070474121
5.0,S,500.0,549.8056499125823
5.0,S,600.0,535.0318613637171
5.0,S,700.0,523.4894497842905
5.0,S,800.0,511.4869144152149
5.0,S,900.0,501.792004955648
5.0,S,1000.0,493.0204572803851
6.0,S,1e-05,1000.0
6.0,S,1.0,900.3409546730846
6.0,S,2.0,886.4562716534566
6.0,S,3.0,875.3576342873972
6.0,S,4.0,865.6514358346831
6.0,S,5.0,857.7946858799576
6.0,S,6.0,851.3245357041911
6.0,S,7.0,844.8559426309279
6.0,S,8.0,840.2340731262725
6.0,S,9.0,835.6133714484946
6.0,S,10.0,830.9934483219682
6.0,S,20.0,800.9631694482948
6.0,S,30.0,781.5620615360139
6.0,S,40.0,765.8586827928326
6.0,S,50.0,752.927725056318
6.0,S,60.0,741.8446587152889
6.0,S,70.0,732.6083159428679
6.0,S,80.0,723.3735302729499
6.0,S,90.0,715.9850788960143
6.0,S,100.0,709.5199893033828
6.0,S,200.0,659.6541709190798
6.0,S,300.0,628.2590917014899
6.0,S,400.0,605.6367279860402
6.0,S,500.0,587.6315624677366
6.0,S,600.0,572.8577739188715
6.0,S,700.0,559.9314874898662
6.0,S,800.0,548.851535353843
6.0,S,900.0,538.6953342777499
6.0,S,1000.0,529.4624949859607
0.25,R,1e-05,250.0
0.25,R,1.0,245.30685920577616
0.25,R,2.0,236.03548162703672
0.25,R,3.0,230.0106627671404
0.25,R,4.0,225.84035298836744
0.25,R,5.0,222.59612992327885
0.25,R,6.0,219.8163126797226
0.25,R,7.0,217.49934415519573
0.25,R,8.0,215.18393273317187
0.25,R,9.0,213.33098075455158
0.25,R,10.0,211.47880732718278
0.25,R,20.0,200.3614847310867
0.25,R,30.0,192.95395884848887
0.25,R,40.0,186.93770405235927
0.25,R,50.0,182.7712870298439
0.25,R,60.0,179.06888655323513
0.25,R,70.0,175.36804317912942
0.25,R,80.0,172.5913401405793
0.25,R,90.0,169.81619420453217
0.25,R,100.0,167.04065899285933
0.25,R,200.0,149.4656430410212
0.25,R,300.0,138.82868656711366
0.25,R,400.0,131.42894619703102
0.25,R,500.0,124.95607109188428
0.25,R,600.0,119.86940649007093
0.25,R,700.0,114.78507754201215
0.25,R,800.0,110.62488892950896
0.25,R,900.0,106.46508959263151
0.25,R,1000.0,102.76774969915765
0.5,R,1e-05,360.0
0.5,R,1.0,350.4813477737665
0.5,R,2.0,340.28699768634874
0.5,R,3.0,334.26256810207826
0.5,R,4.0,329.63057743115326
0.5,R,5.0,325.4641604086379
0.5,R,6.0,322.22305154855536
0.5,R,7.0,318.9834997909759
0.5,R,8.0,316.66808836895206
0.5,R,9.0,314.35384477380546
0.5,R,10.0,312.04037972991046
0.5,R,20.0,295.38755773549906
0.5,R,30.0,284.289698920691
0.5,R,40.0,275.96698604193006
0.5,R,50.0,269.0328193202571
0.5,R,60.0,263.02396076101695
0.5,R,70.0,258.40053415385864
0.5,R,80.0,253.77866464920342
0.5,R,90.0,249.61925458795176
0.5,R,100.0,245.4606230779516
0.5,R,200.0,220.04326036954103
0.5,R,300.0,204.3320961138445
0.5,R,400.0,192.7807311950254
0.5,R,500.0,184.46268962377357
0.5,R,600.0,176.1469837062763
0.5,R,700.0,169.21709901648666
0.5,R,800.0,163.67303555440466
0.5,R,900.0,158.59104226010044
0.5,R,1000.0,153.971119133574
0.75,R,1e-05,460.0
0.75,R,1.0,440.4332129963899
0.75,R,2.0,429.7775712924458
0.75,R,3.0,422.83055847512276
0.75,R,4.0,417.73727618767145
0.75,R,5.0,412.64827593210356
0.75,R,6.0,408.9458754554948
0.75,R,7.0,405.24503208138907
0.75,R,8.0,402.46832904283895
0.75,R,9.0,399.2315022146398
0.75,R,10.0,396.91803717074475
0.75,R,20.0,376.1135906275969
0.75,R,30.0,361.786690497105
0.75,R,40.0,350.6962279191864
0.75,R,50.0,341.455603114882
0.75,R,60.0,333.60157808953676
0.75,R,70.0,326.67169339974714
0.75,R,80.0,321.12724066203936
0.75,R,90.0,315.5839557512089
0.75,R,100.0,311.4253242412087
0.75,R,200.0,280.0111705179566
0.75,R,300.0,261.07096494657617
0.75,R,400.0,246.7518503285994
0.75,R,500.0,235.66605905818994
0.75,R,600.0,225.96647829111384
0.75,R,700.0,218.57608053604946
0.75,R,800.0,211.18607205661084
0.75,R,900.0,205.18149552925405
0.75,R,1000.0,199.17769755314882
1.0,R,1e-05,570.0
1.0,R,1.0,510.08824709185717
1.0,R,2.0,498.5100221548606
1.0,R,3.0,490.640426104485
1.0,R,4.0,485.0858522005074
1.0,R,5.0,479.9968519449395
1.0,R,6.0,476.29445146833075
1.0,R,7.0,472.13231647769874
1.0,R,8.0,468.433030206096
1.0,R,9.0,465.6574949944232
1.0,R,10.0,462.8827383340019
1.0,R,20.0,442.53958340738035
1.0,R,30.0,427.75139166036206
1.0,R,40.0,417.1222206989698
1.0,R,50.0,408.3428875111917
1.0,R,60.0,400.9501541023727
1.0,R,70.0,393.5589777960568
1.0,R,80.0,388.014525058349
1.0,R,90.0,382.00994853099223
1.0,R,100.0,377.39002540446586
1.0,R,200.0,340.90166389942476
1.0,R,300.0,316.88725054625525
1.0,R,400.0,299.33909461259464
1.0,R,500.0,284.5629704099749
1.0,R,600.0,273.01822317679375
1.0,R,700.0,261.9371032138934
1.0,R,800.0,253.624900777028
1.0,R,900.0,245.77476850794037
1.0,R,1000.0,238.84877657440833
1.5,R,1e-05,740.0
1.5,R,1.0,656.3176895306859
1.5,R,2.0,643.3555897441105
1.5,R,3.0,633.1795356111036
1.5,R,4.0,624.8572120079683
1.5,R,5.0,617.0004620532427
1.5,R,6.0,610.9916034940026
1.5,R,7.0,605.9068852703181
1.5,R,8.0,600.3624325326102
1.5,R,9.0,595.7417308548323
1.5,R,10.0,591.5830993448321
1.5,R,20.0,566.6270282529479
1.5,R,30.0,549.5323784232983
1.5,R,40.0,535.6741661462221
1.5,R,50.0,525.0496664923389
1.5,R,60.0,515.8117666174148
1.5,R,70.0,507.03671546152015
1.5,R,80.0,499.64709625770723
1.5,R,90.0,492.7199364972979
1.5,R,100.0,485.7935552881401
1.5,R,200.0,441.0019446856261
1.5,R,300.0,412.83590678372013
1.5,R,400.0,392.05870953437557
1.5,R,500.0,375.43741886565084
1.5,R,600.0,361.5862135498383
1.5,R,700.0,349.58251035388537
1.5,R,800.0,338.9638498343886
1.5,R,900.0,329.7302319913479
1.5,R,1000.0,321.41997593261135
2.0,R,1e-05,880.0
2.0,R,1.0,769.7950379205234
2.0,R,2.0,752.2204112443111
2.0,R,3.0,739.7378990286727
2.0,R,4.0,730.0317005759588
2.0,R,5.0,722.6362422377593
2.0,R,6.0,715.7048004454667
2.0,R,7.0,709.2362073722034
2.0,R,8.0,704.1530462510219
2.0,R,9.0,699.0710529567176
2.0,R,10.0,694.4511298301912
2.0,R,20.0,661.6531012573603
2.0,R,30.0,639.4842436459217
2.0,R,40.0,621.9356984366352
2.0,R,50.0,607.6208658505418
2.0,R,60.0,596.0765078929865
2.0,R,70.0,584.9949986544603
2.0,R,80.0,575.7602129845424
2.0,R,90.0,566.987886758028
2.0,R,100.0,559.6002139323439
2.0,R,200.0,506.5053542323569
2.0,R,300.0,474.18769178171453
2.0,R,400.0,452.02661968279114
2.0,R,500.0,434.9440373975401
2.0,R,600.0,420.170248848675
2.0,R,700.0,409.55042050230094
2.0,R,800.0,399.8543432158567
2.0,R,900.0,391.0820169893423
2.0,R,1000.0,382.7717609306057
2.5,R,1e-05,990.0
2.5,R,1.0,851.9053349378258
2.5,R,2.0,830.6399860537775
2.5,R,3.0,816.3123073720341
2.5,R,4.0,805.2222340697413
2.5,R,5.0,795.9816092654369
2.5,R,6.0,788.1275842400917
2.5,R,7.0,781.6589911668283
2.5,R,8.0,775.191955196068
2.5,R,9.0,770.1099619017638
2.5,R,10.0,765.028747158711
2.5,R,20.0,731.7694269693538
2.5,R,30.0,710.0618609744415
2.5,R,40.0,693.897190614734
2.5,R,50.0,680.5049412616931
2.5,R,60.0,668.4992916876114
2.5,R,70.0,657.4177824490853
2.5,R,80.0,648.6442883956936
2.5,R,90.0,639.8719621691791
2.5,R,100.0,631.5617061104426
2.5,R,200.0,575.2378050947716
2.5,R,300.0,539.6911013284454
2.5,R,400.0,513.8396962973118
2.5,R,500.0,493.0667810798506
2.5,R,600.0,474.6026595987753
2.5,R,700.0,459.36991508713845
2.5,R,800.0,446.44479648501033
2.5,R,900.0,434.9047205593383
2.5,R,1000.0,425.2105896510229
3.0,R,1e-05,1090.0
3.0,R,1.0,940.0120336943442
3.0,R,2.0,912.288602178928
3.0,R,3.0,895.6544654145531
3.0,R,4.0,882.7192256461552
3.0,R,5.0,872.0947259922721
3.0,R,6.0,863.3181177338741
3.0,R,7.0,855.4656498110321
3.0,R,8.0,848.5373222237454
3.0,R,9.0,842.0714540798624
3.0,R,10.0,836.9902393368096
3.0,R,20.0,797.2728365160847
3.0,R,30.0,771.8749375889622
3.0,R,40.0,752.0199342970443
3.0,R,50.0,736.7825184778984
3.0,R,60.0,723.3929940542379
3.0,R,70.0,711.8501931991855
3.0,R,80.0,701.2315326796887
3.0,R,90.0,692.4592064531744
3.0,R,100.0,683.6876587779116
3.0,R,200.0,622.7508415969778
3.0,R,300.0,584.8976797480202
3.0,R,400.0,556.278525017729
3.0,R,500.0,534.121734950689
3.0,R,600.0,514.7350302365611
3.0,R,700.0,498.5797024918718
3.0,R,800.0,485.19329227321737
3.0,R,900.0,470.88546664838765
3.0,R,1000.0,459.80746089049336
4.0,R,1e-05,1250.0
4.0,R,1.0,1065.0220617729642
4.0,R,2.0,1040.9889631897581
4.0,R,3.0,1024.8161180419097
4.0,R,4.0,1010.9582950404592
4.0,R,5.0,999.8725037700498
4.0,R,6.0,989.250729045547
4.0,R,7.0,980.9369695061785
4.0,R,8.0,972.1634754527868
4.0,R,9.0,965.2363156923774
4.0,R,10.0,958.771226099746
4.0,R,20.0,910.2892825650217
4.0,R,30.0,879.3558842395839
4.0,R,40.0,854.4266731658771
4.0,R,50.0,835.0376327979948
4.0,R,60.0,819.3416502917029
4.0,R,70.0,804.1085165044402
4.0,R,80.0,792.1059811353647
4.0,R,90.0,780.5659052096926
4.0,R,100.0,770.410482684851
4.0,R,200.0,702.5542912560232
4.0,R,300.0,661.0107964748554
4.0,R,400.0,630.546475278459
4.0,R,500.0,606.0832271287876
4.0,R,600.0,584.8513559485547
4.0,R,700.0,565.9282785047077
4.0,R,800.0,548.3902437373168
4.0,R,900.0,534.0824181124872
4.0,R,1000.0,518.8527878058565
5.0,R,1e-05,1360.0
5.0,R,1.0,1178.4997994384275
5.0,R,2.0,1148.9312014569064
5.0,R,3.0,1128.145440143795
5.0,R,4.0,1111.9811590597133
5.0,R,5.0,1099.0502013231985
5.0,R,6.0,1087.9671349821697
5.0,R,7.0,1077.8082089766958
5.0,R,8.0,1068.5734233067778
5.0,R,9.0,1060.723680313316
5.0,R,10.0,1052.8747158711058
5.0,R,20.0,1000.7024394041713
5.0,R,30.0,966.0787081465234
5.0,R,40.0,938.8430389901853
5.0,R,50.0,917.1475405396714
5.0,R,60.0,899.6063915672744
5.0,R,70.0,882.0667996973805
5.0,R,80.0,868.2190978621999
5.0,R,90.0,856.2177303200015
5.0,R,100.0,844.2171413290546
5.0,R,200.0,762.5222014044388
5.0,R,300.0,712.2141659092717
5.0,R,400.0,674.8304704649813
5.0,R,500.0,645.2930145335208
5.0,R,600.0,621.2933936541302
5.0,R,700.0,602.3703162102834
5.0,R,800.0,584.8322814428924
5.0,R,900.0,570.5244558180627
5.0,R,1000.0,558.5238668271159
6.0,R,1e-05,1450.0
6.0,R,1.0,1242.1580425190534
6.0,R,2.0,1213.5120277705846
6.0,R,3.0,1193.6488496905258
6.0,R,4.0,1178.4071518394967
6.0,R,5.0,1165.4761941029822
6.0,R,6.0,1153.9318361454266
6.0,R,7.0,1144.6954933730055
6.0,R,8.0,1135.9219993196139
6.0,R,9.0,1127.1496730930994
6.0,R,10.0,1119.7620002674153
6.0,R,20.0,1066.6671405674285
6.0,R,30.0,1030.6595344602017
6.0,R,40.0,1002.5012820708109
6.0,R,50.0,979.8832003872446
6.0,R,60.0,960.0355933322163
6.0,R,70.0,941.5734182292698
6.0,R,80.0,926.3418415445102
6.0,R,90.0,912.0340159196805
6.0,R,100.0,898.6495520791549
6.0,R,200.0,810.4965295231713
6.0,R,300.0,757.8820359453728
6.0,R,400.0,720.037048884556
6.0,R,500.0,689.5770097200432
6.0,R,600.0,664.6548056076
6.0,R,700.0,642.9639784645954
6.0,R,800.0,624.0420688476256
6.0,R,900.0,604.6600354410069
6.0,R,1000.0,587.5852386682711
